4102.376982450485,EWS,twitch,2024-12-17 13:34:28
234.99225783348083,EWS,amazon,2024-12-17 13:38:23
1804.082585811615,EWS,patent_citations,2024-12-17 14:08:27
4033.34170126915,EWS,twitch,2024-12-25 17:03:22
240.05355739593506,EWS,amazon,2024-12-25 17:07:22
1472.1270160675049,EWS,patent_citations,2024-12-25 17:31:54
73.79335141181946,EWS,twitter-labels-grami,2024-12-30 13:27:36
76.24064183235168,EWS,twitter-labels-grami,2024-12-30 14:38:26
80.13066577911377,EWS,twitter-labels-grami,2024-12-30 18:52:46
82.37916445732117,EWS,twitter-labels-grami,2024-12-30 19:37:03
83.8499493598938,EWS,twitter-labels-grami,2024-12-31 11:57:03
76.13022017478943,EWS,twitter-labels-grami,2024-12-31 12:44:59
89.87884831428528,EWS,twitter-labels-grami,2024-12-31 17:29:53
88.82140231132507,EWS,twitter-labels-grami,2024-12-31 18:57:15
72.63427424430847,EWS,twitter-labels-grami,2025-01-03 12:53:42
114.75286149978638,EWS,dblp,2025-01-25 14:34:34
310.0022735595703,EWS,dblp,2025-01-25 15:20:07
395.45194911956787,EWS,dblp,2025-01-25 16:57:19
158.07872605323792,EWS,mico,2025-01-25 17:05:58
3405.2500944137573,EWS,patent,2025-01-25 22:25:19
3077.6156952381134,EWS,dblp,2025-02-01 15:54:27
1505.0477802753448,EWS,mico,2025-02-02 01:15:00
42800.97315454483,EWS,patent,2025-02-02 13:08:21
26491.791078329086,EWS,twitch,2025-02-02 20:29:53
3117.860051870346,EWS,dblp,2025-02-02 21:21:51
1324.4152858257294,EWS,mico,2025-02-04 16:30:10
8978.07041811943,EWS,twitch,2025-02-05 03:21:23
1529.876060962677,EWS,dblp,2025-02-05 03:46:53
32869.390951156616,EWS,patent,2025-02-05 12:54:42
1269.5323770046234,EWS,mico,2025-02-05 13:15:52
1068.6861279010773,EWS,mico,2025-02-06 16:53:50
527.2062292098999,EWS,dblp,2025-02-06 18:38:41
521.9406292438507,EWS,dblp,2025-02-07 13:11:36
343.75845646858215,EWS,mico,2025-02-07 13:17:20
544.9211051464081,EWS,dblp,2025-02-08 15:59:35
3802.810520887375,EWS,twitch,2025-02-08 17:02:57
450.8568193912506,EWS,dblp,2025-02-10 12:45:55
3180.1069326400757,EWS,twitch,2025-02-10 13:38:55
202.29795575141907,EWS,dblp,2025-02-13 17:48:25
1203.3881208896637,EWS,twitch,2025-02-13 18:08:28
3200.9356429576874,EWS,patent,2025-02-13 19:01:49
302.3731994628906,EWS,mico,2025-02-13 19:06:52
16.117183446884155,RNE,dblp,2025-02-14 00:22:30
11.235658407211304,RN,dblp,2025-02-14 00:22:42
19.489064931869507,HNE,dblp,2025-02-14 00:23:01
14.594990730285645,RW,dblp,2025-02-14 00:23:16
15.889321327209473,FF,dblp,2025-02-14 00:23:32
17.398850679397583,SS,dblp,2025-02-14 00:23:49
34.48260188102722,CNARW,dblp,2025-02-14 00:24:24
81.6845178604126,RNE,twitch,2025-02-14 00:25:45
55.51771950721741,RN,twitch,2025-02-14 00:26:41
95.62446665763855,HNE,twitch,2025-02-14 00:28:16
73.72725653648376,RW,twitch,2025-02-14 00:29:30
80.49016857147217,FF,twitch,2025-02-14 00:30:51
100.87328362464905,SS,twitch,2025-02-14 00:32:31
1430.680188179016,CNARW,twitch,2025-02-14 00:56:22
310.09364342689514,RNE,patent,2025-02-14 01:01:32
185.21845817565918,RN,patent,2025-02-14 01:04:38
352.3977427482605,HNE,patent,2025-02-14 01:10:30
244.0498173236847,RW,patent,2025-02-14 01:14:34
235.468843460083,FF,patent,2025-02-14 01:18:29
298.7609224319458,SS,patent,2025-02-14 01:23:28
423.09992265701294,CNARW,patent,2025-02-14 01:30:31
12.889646291732788,RNE,mico,2025-02-14 01:30:44
17.071117877960205,RN,mico,2025-02-14 01:31:01
16.392250776290894,HNE,mico,2025-02-14 01:31:18
12.06238865852356,RW,mico,2025-02-14 01:31:30
10.09785270690918,FF,mico,2025-02-14 01:31:40
12.352802991867065,SS,mico,2025-02-14 01:31:53
36.34303402900696,CNARW,mico,2025-02-14 01:32:29
17.91548466682434,RNE,dblp,2025-02-14 15:05:38
12.919276237487793,RN,dblp,2025-02-14 15:05:51
20.77305579185486,HNE,dblp,2025-02-14 15:06:12
15.10568356513977,RW,dblp,2025-02-14 15:06:27
16.32463049888611,FF,dblp,2025-02-14 15:06:43
17.627521276474,SS,dblp,2025-02-14 15:07:01
34.75657892227173,CNARW,dblp,2025-02-14 15:07:36
79.70581889152527,RNE,twitch,2025-02-14 15:08:55
48.18884301185608,RN,twitch,2025-02-14 15:09:44
100.52226758003235,HNE,twitch,2025-02-14 15:11:24
77.6532027721405,RW,twitch,2025-02-14 15:12:42
82.31090331077576,FF,twitch,2025-02-14 15:14:04
99.85879778862,SS,twitch,2025-02-14 15:15:45
1621.8759281635284,CNARW,twitch,2025-02-14 15:42:47
282.6119201183319,RNE,patent,2025-02-14 15:47:30
179.65511631965637,RN,patent,2025-02-14 15:50:29
468.5986912250519,HNE,patent,2025-02-14 15:58:18
140.17931294441223,EWS,twitter,2025-02-14 16:57:37
143.81100630760193,EWS,twitter,2025-02-14 17:05:01
8.805652618408203,RN,twitter,2025-02-14 17:53:51
14.09965205192566,RE,twitter,2025-02-14 17:54:05
66.35061168670654,CNARW,twitter,2025-02-14 17:55:11
13.289938926696777,FF,twitter,2025-02-14 17:55:25
17.77947449684143,SS,twitter,2025-02-14 17:55:42
140.7157015800476,EWS,twitter,2025-02-14 17:58:03
18.45374035835266,HNE,twitter,2025-02-14 18:01:22
14.47274374961853,RNE,twitter,2025-02-14 18:02:11
17.341140747070312,RE,dblp,2025-02-14 18:03:41
72.1238329410553,RE,twitch,2025-02-14 18:04:53
303.0147981643677,RE,patent,2025-02-14 18:09:56
12.160828351974487,RE,mico,2025-02-14 18:10:08
12.745579719543457,RW,twitter,2025-02-14 19:00:48
164.86112689971924,EWS,twitter,2025-02-15 00:26:32
139.4736511707306,EWS,twitter,2025-02-15 00:49:28
127.99048614501953,EWS,twitter,2025-02-15 01:17:53
144.0245201587677,EWS,twitter,2025-02-15 02:47:35
140.1100311279297,EWS,twitter,2025-02-15 02:50:51
143.94731259346008,EWS,twitter,2025-02-15 03:25:52
126.15683937072754,EWS,twitter,2025-02-15 17:14:35
130.68698239326477,EWS,twitter,2025-02-15 17:53:40
178.34617829322815,EWS,twitter,2025-02-15 18:18:11
131.38376545906067,EWS,twitter,2025-02-15 18:24:59
373.320285320282,EWS,twitter,2025-02-15 18:42:29
125.77829217910767,EWS,twitter,2025-02-15 19:13:21
128.9527244567871,EWS,twitter,2025-02-15 19:41:11
14.01913595199585,RE,twitter,2025-02-15 19:44:52
145.19858145713806,EWS,twitter,2025-02-17 20:21:39
148.81566500663757,EWS,twitter,2025-02-17 20:45:56
141.2830319404602,EWS,twitter,2025-02-17 20:49:53
134.31378507614136,EWS,twitter,2025-02-17 21:59:07
139.27954936027527,EWS,twitter,2025-02-17 22:17:21
158.19051671028137,EWS,twitter,2025-02-17 22:47:05
149.78725361824036,EWS,twitter,2025-02-17 22:52:36
168.04287266731262,EWS,twitter,2025-02-19 18:52:49
534.4252691268921,EWS,twitter,2025-02-19 19:27:14
163.37534737586975,EWS,twitter,2025-02-19 20:47:55
144.63835835456848,EWS,twitter,2025-02-19 21:20:00
137.68703198432922,EWS,twitter,2025-02-19 21:46:01
153.19518160820007,EWS,twitter,2025-02-20 13:45:59
150.40807557106018,EWS,twitter,2025-02-20 14:34:59
143.54061651229858,EWS,twitter,2025-02-20 15:50:42
145.1076159477234,EWS,twitter,2025-02-20 17:05:59
145.730810880661,EWS,twitter,2025-02-20 17:15:34
0.034512996673583984,EWS,test,2025-02-20 18:20:50
0.03407144546508789,EWS,test,2025-02-20 18:26:48
0.026063919067382812,EWS,test,2025-02-20 18:27:38
0.10611557960510254,EWS,test,2025-02-20 18:28:15
0.05494499206542969,EWS,test,2025-02-20 18:30:10
0.02357196807861328,EWS,test,2025-02-20 18:30:52
11.215921878814697,EWS,test,2025-02-20 18:37:50
0.14754796028137207,EWS,test,2025-02-20 18:38:02
0.11148285865783691,EWS,test,2025-02-20 18:38:15
85.99620151519775,EWS,mico,2025-02-20 19:16:38
127.41311550140381,EWS,mico,2025-02-20 19:25:39
124.43042778968811,EWS,mico,2025-02-20 19:54:21
124.88429307937622,EWS,mico,2025-02-20 20:06:10
126.9973783493042,EWS,mico,2025-02-20 20:31:57
120.72752809524536,EWS,mico,2025-02-20 22:09:45
119.8498649597168,EWS,mico,2025-02-20 22:24:11
121.0782413482666,EWS,mico,2025-02-20 22:37:43
124.97459125518799,EWS,mico,2025-02-20 22:42:10
123.54906988143921,EWS,mico,2025-02-20 23:01:06
126.70019388198853,EWS,mico,2025-02-20 23:05:20
124.31818294525146,EWS,mico,2025-02-20 23:38:41
826.5211546421051,EWS,mico,2025-02-21 14:26:39
139.22395133972168,EWS,mico,2025-02-21 15:53:27
152.22906589508057,EWS,mico,2025-02-21 16:08:34
158.63433980941772,EWS,mico,2025-02-21 16:22:14
146.13164710998535,EWS,mico,2025-02-21 16:50:04
196.4212565422058,EWS,mico,2025-02-21 17:04:51
140.29542207717896,EWS,mico,2025-02-21 20:47:38
132.38763451576233,EWS,mico,2025-02-21 21:08:15
176.9061541557312,EWS,mico,2025-02-21 21:20:11
669.0324022769928,EWS,twitter,2025-02-21 21:43:10
45.64022970199585,EWS,dblp,2025-02-21 22:19:41
62.14472270011902,EWS,mico,2025-02-21 23:01:20
89.59561276435852,EWS,twitter,2025-02-21 23:30:10
83.94686460494995,EWS,twitter,2025-02-21 23:38:51
56.68834209442139,EWS,twitter,2025-02-21 23:50:20
45.91284203529358,EWS,mico,2025-02-22 13:22:55
50.35988903045654,EWS,mico,2025-02-22 18:02:32
43.96757483482361,EWS,mico,2025-02-22 18:09:39
71.50107383728027,EWS,twitter,2025-02-22 18:23:04
316.33187770843506,EWS,mico,2025-02-22 20:19:25
38.00996232032776,EWS,mico,2025-02-22 20:22:13
40.11820197105408,EWS,mico,2025-02-22 20:30:24
35.7731716632843,EWS,mico,2025-02-22 20:40:00
38.199230909347534,EWS,mico,2025-02-22 20:49:10
37.0913200378418,EWS,mico,2025-02-22 20:58:03
62.73455023765564,EWS,twitter,2025-02-22 21:08:18
64.49733328819275,EWS,twitter,2025-02-22 21:21:54
59.3055899143219,EWS,dblp,2025-02-23 12:28:55
43.32189416885376,EWS,mico,2025-02-23 12:36:35
68.27546119689941,EWS,twitter,2025-02-23 12:37:43
110.50547170639038,EWS,mico,2025-02-23 12:56:45
139.07370328903198,EWS,twitter,2025-02-23 12:59:04
198.8639144897461,EWS,dblp,2025-02-23 13:02:23
42.705164194107056,EWS,mico,2025-02-23 13:09:10
53.041240215301514,EWS,twitter,2025-02-23 13:10:03
67.47288155555725,EWS,dblp,2025-02-23 13:11:11
42.27425408363342,EWS,mico,2025-02-23 13:38:22
54.26985144615173,EWS,twitter,2025-02-23 13:39:16
126.85489511489868,EWS,mico,2025-02-23 13:42:14
166.94635796546936,EWS,twitter,2025-02-23 13:45:01
36.182167768478394,EWS,mico,2025-02-23 13:53:39
75.46782088279724,EWS,twitter,2025-02-23 13:54:54
62.26708507537842,EWS,dblp,2025-02-23 13:55:56
239.39628553390503,EWS,dblp,2025-02-23 14:22:07
12.013965129852295,RN,dblp,2025-02-23 16:27:34
20.038726568222046,RE,dblp,2025-02-23 16:27:55
39.10945773124695,CNARW,dblp,2025-02-23 16:28:34
12.019683361053467,RN,dblp,2025-02-23 16:30:17
18.67716670036316,RE,dblp,2025-02-23 16:30:36
39.914663553237915,CNARW,dblp,2025-02-23 16:31:16
11.6328866481781,RN,dblp,2025-02-23 16:33:09
19.384699821472168,RE,dblp,2025-02-23 16:33:29
39.06041193008423,CNARW,dblp,2025-02-23 16:34:08
18.07758641242981,FF,dblp,2025-02-23 16:34:26
18.66269850730896,SS,dblp,2025-02-23 16:34:44
197.8358826637268,RN,patent,2025-02-23 16:38:02
10.823180437088013,RN,dblp,2025-02-23 16:43:03
18.493828535079956,RE,dblp,2025-02-23 16:43:22
37.658477544784546,CNARW,dblp,2025-02-23 16:44:00
16.94240975379944,FF,dblp,2025-02-23 16:44:17
18.712806224822998,SS,dblp,2025-02-23 16:44:35
10.11512804031372,RN,twitter,2025-02-23 16:44:45
16.068424463272095,RE,twitter,2025-02-23 16:45:01
72.6838800907135,CNARW,twitter,2025-02-23 16:46:14
15.587214231491089,FF,twitter,2025-02-23 16:46:30
21.579102039337158,SS,twitter,2025-02-23 16:46:51
9.136051654815674,RN,mico,2025-02-23 16:47:00
14.781370878219604,RE,mico,2025-02-23 16:47:15
39.90360927581787,CNARW,mico,2025-02-23 16:47:55
13.137761354446411,FF,mico,2025-02-23 16:48:08
13.131517171859741,SS,mico,2025-02-23 16:48:22
12.559326171875,RN,dblp,2025-02-23 16:50:54
22.491179943084717,RE,dblp,2025-02-23 16:51:16
41.308608531951904,CNARW,dblp,2025-02-23 16:51:58
17.890522003173828,FF,dblp,2025-02-23 16:52:16
20.863577604293823,SS,dblp,2025-02-23 16:52:36
13.518096685409546,RN,twitter,2025-02-23 16:52:50
21.49107003211975,RE,twitter,2025-02-23 16:53:11
79.69841814041138,CNARW,twitter,2025-02-23 16:54:31
16.36148500442505,FF,twitter,2025-02-23 16:54:47
22.259055614471436,SS,twitter,2025-02-23 16:55:10
11.504098415374756,RN,mico,2025-02-23 16:55:21
16.410131454467773,RE,mico,2025-02-23 16:55:38
46.015761852264404,CNARW,mico,2025-02-23 16:56:24
11.427767992019653,FF,mico,2025-02-23 16:56:35
13.535739421844482,SS,mico,2025-02-23 16:56:49
176.9805874824524,EWS,twitter,2025-02-23 17:14:38
182.36998081207275,EWS,twitter,2025-02-23 18:26:51
471.8815779685974,EWS,twitter,2025-02-23 18:44:39
178.70903301239014,EWS,twitter,2025-02-23 19:22:24
85.13737463951111,EWS,twitter,2025-02-23 19:29:07
75.34639978408813,EWS,twitter,2025-02-23 19:45:54
38.70911693572998,EWS,mico,2025-02-23 19:47:48
92.60299396514893,EWS,mico,2025-02-23 21:09:03
58.374369382858276,EWS,dblp,2025-02-24 10:25:04
248.57734990119934,EWS,dblp,2025-02-24 10:33:20
39.58114409446716,EWS,mico,2025-02-24 10:41:26
41.559919595718384,EWS,mico,2025-02-24 10:55:45
72.34209561347961,EWS,twitter,2025-02-24 11:17:33
174.3218400478363,EWS,twitter,2025-02-24 11:23:02
352.0093767642975,EWS,twitter,2025-02-24 12:44:46
301.5080530643463,EWS,twitter,2025-02-24 12:53:41
517.3002288341522,EWS,twitter,2025-02-24 14:39:35
479.2488977909088,EWS,twitter,2025-02-24 15:17:27
125.44420099258423,EWS,twitter,2025-02-24 15:20:41
114.02771759033203,EWS,twitter,2025-02-24 15:25:32
64.50923562049866,EWS,twitter,2025-02-24 15:30:17
150.60897994041443,EWS,twitter,2025-02-24 15:36:02
172.1833975315094,EWS,twitter,2025-02-24 15:41:48
172.3871397972107,EWS,twitter,2025-02-24 15:47:33
1515.1225097179413,EWS,twitch,2025-02-24 21:28:06
1423.0975544452667,EWS,twitch,2025-02-24 23:07:35
75.47169542312622,RE,mico,2025-02-25 12:32:14
48.4050076007843,RN,mico,2025-02-25 12:33:03
193.30584335327148,CNARW,mico,2025-02-25 12:36:16
58.15047764778137,FF,mico,2025-02-25 12:37:14
74.9387354850769,SS,mico,2025-02-25 12:38:29
431.61185002326965,RE,twitch,2025-02-25 12:45:41
253.87068057060242,RN,twitch,2025-02-25 12:49:55
9187.082794904709,CNARW,twitch,2025-02-25 15:23:02
494.7146282196045,FF,twitch,2025-02-25 15:31:17
554.1874589920044,SS,twitch,2025-02-25 15:40:31
108.65319037437439,RE,dblp,2025-02-25 15:42:20
63.964128494262695,RN,dblp,2025-02-25 15:43:23
210.07262587547302,CNARW,dblp,2025-02-25 15:46:54
96.41055178642273,FF,dblp,2025-02-25 15:48:30
103.62855267524719,SS,dblp,2025-02-25 15:50:14
88.55630660057068,RE,twitter,2025-02-25 15:51:42
55.21034264564514,RN,twitter,2025-02-25 15:52:38
396.05651092529297,CNARW,twitter,2025-02-25 15:59:14
85.3347225189209,FF,twitter,2025-02-25 16:00:39
108.81763887405396,SS,twitter,2025-02-25 16:02:28
1991.0415380001068,RE,patent,2025-02-25 16:35:39
1159.5554957389832,RN,patent,2025-02-25 16:54:58
2457.9323461055756,CNARW,patent,2025-02-25 17:35:56
1422.625922203064,FF,patent,2025-02-25 17:59:39
1698.9993538856506,SS,patent,2025-02-25 18:27:58
4493.903206586838,EWS,patent,2025-02-27 14:15:48
139.58550453186035,EWS,twitter,2025-02-27 15:24:13
118.66972875595093,EWS,twitter,2025-03-02 18:28:58
195.78706192970276,EWS,twitter,2025-03-02 18:37:40
61.166611671447754,EWS,mico,2025-03-02 21:59:53
32.26236367225647,EWS,mico,2025-03-03 14:29:06
67.757887840271,EWS,dblp,2025-03-03 19:39:26
177.39016222953796,EWS,dblp,2025-03-03 19:52:15
187.43009686470032,EWS,dblp,2025-03-03 21:04:41
1084.6443374156952,EWS,twitch,2025-03-03 21:25:59
125.20683073997498,EWS,twitter,2025-03-03 21:59:20
133.66194319725037,EWS,twitter,2025-03-04 12:10:07
514.9208600521088,EWS,dblp,2025-03-04 20:53:08
386.71243357658386,EWS,twitter,2025-03-05 12:23:25
497.7609589099884,EWS,dblp,2025-03-05 13:56:53
313.39355540275574,EWS,twitter,2025-03-05 15:26:51
858.1865711212158,EWS,twitter,2025-03-05 17:12:22
231.32970523834229,EWS,dblp,2025-03-05 19:21:08
220.25079870224,EWS,dblp,2025-03-05 19:33:00
214.04768753051758,CNARW,dblp,2025-03-05 20:09:51
173.31392884254456,EWS,dblp,2025-03-05 20:18:45
53.925591230392456,EWS,dblp,2025-03-05 20:22:52
143.474262714386,EWS,dblp,2025-03-05 20:31:36
120.16123747825623,EWS,twitter,2025-03-05 20:41:05
50.748470306396484,EWS,twitter,2025-03-05 21:46:48
70.42194724082947,EWS,dblp,2025-03-05 21:48:32
74.77880644798279,EWS,dblp,2025-03-05 22:12:14
56.8175106048584,EWS,twitter,2025-03-05 22:19:03
247.70579433441162,EWS,dblp,2025-03-06 19:40:12
6853.475885391235,EWS,dblp,2025-03-06 22:59:23
1952.3852181434631,EWS,twitter,2025-03-07 12:49:44
166.9325795173645,EWS,twitter,2025-03-07 13:41:26
164.75314831733704,EWS,twitter,2025-03-07 13:52:58
168.78795790672302,EWS,twitter,2025-03-07 14:31:47
60.25067853927612,EWS,dblp,2025-03-07 14:45:54
47.73825645446777,EWS,dblp,2025-03-07 15:13:21
151.20976877212524,EWS,dblp,2025-03-07 15:17:13
162.37345004081726,EWS,dblp,2025-03-07 15:22:47
155.6642611026764,EWS,dblp,2025-03-07 15:29:27
132.41008710861206,EWS,dblp,2025-03-07 16:16:59
92.2144079208374,EWS,twitter,2025-03-07 16:19:06
247.05927062034607,EWS,dblp,2025-03-07 16:46:55
197.16877913475037,EWS,dblp,2025-03-07 20:06:41
394.7347984313965,EWS,dblp,2025-03-07 20:18:41
239.97104406356812,EWS,dblp,2025-03-07 20:37:20
211.47713327407837,EWS,dblp,2025-03-09 13:22:49
245.65381789207458,EWS,dblp,2025-03-09 15:16:12
395.12250208854675,CNARW,dblp,2025-03-09 15:23:48
429.0205752849579,EWS,dblp,2025-03-09 15:39:49
419.2547519207001,EWS,dblp,2025-03-09 16:30:05
98.71272492408752,RNE,dblp,2025-03-09 16:44:04
74.48638200759888,RW,dblp,2025-03-09 16:56:58
99.96243214607239,HNE,dblp,2025-03-09 16:58:38
358.0956633090973,CNARW,dblp,2025-03-10 12:54:02
82.24827766418457,FF,dblp,2025-03-10 12:55:24
75.27759289741516,RW,dblp,2025-03-10 12:56:40
103.27758383750916,HNE,dblp,2025-03-10 12:58:23
474.94678950309753,EWS,dblp,2025-03-10 13:56:59
160.3824291229248,EWS,twitter,2025-03-10 15:26:32
364.8054630756378,EWS,twitter,2025-03-11 13:24:44
489.4692347049713,EWS,twitter,2025-03-11 13:52:44
504.4747998714447,EWS,dblp,2025-03-11 14:08:59
7858.237962245941,EWS,dblp,2025-03-12 01:44:27
3120.0276193618774,EWS,twitch,2025-03-12 02:36:27
442.1521942615509,EWS,dblp,2025-03-12 16:43:04
182.54626560211182,EWS,dblp,2025-03-13 12:46:52
53.677056312561035,EWS,dblp,2025-03-13 12:52:43
49.389074087142944,EWS,dblp,2025-03-13 12:56:12
46.696643590927124,EWS,dblp,2025-03-13 12:57:18
46.41053223609924,EWS,dblp,2025-03-13 12:58:22
47.33969020843506,EWS,dblp,2025-03-13 12:59:23
47.5622444152832,EWS,dblp,2025-03-13 13:00:31
47.00873327255249,EWS,dblp,2025-03-13 13:10:25
47.269535541534424,EWS,dblp,2025-03-13 13:11:39
49.8040554523468,EWS,dblp,2025-03-13 13:12:45
47.951701402664185,EWS,dblp,2025-03-13 13:14:21
46.73027157783508,EWS,dblp,2025-03-13 13:15:26
364.80350136756897,EWS,dblp,2025-03-13 20:30:51
536.6264612674713,EWS,dblp,2025-03-15 14:12:02
445.4764049053192,EWS,dblp,2025-03-15 14:30:06
580.7591514587402,EWS,dblp,2025-03-15 14:42:18
103.93155837059021,EWS,dblp,2025-03-15 15:28:09
137.85580492019653,EWS,dblp,2025-03-15 15:36:05
30.674182176589966,EWS,mico,2025-03-15 17:53:39
36.76350927352905,EWS,dblp,2025-03-15 17:55:50
147.40910387039185,EWS,mico,2025-03-15 17:59:16
35.86662817001343,EWS,dblp,2025-03-15 18:00:01
36.241546392440796,EWS,twitter,2025-03-15 18:00:48
34.07148337364197,EWS,twitter,2025-03-15 18:20:54
35.821977615356445,EWS,dblp,2025-03-15 18:21:43
30.20067286491394,EWS,mico,2025-03-15 18:23:40
35.47374224662781,EWS,dblp,2025-03-15 18:36:59
135.91229057312012,EWS,mico,2025-03-15 19:04:50
69.47050452232361,EWS,mico,2025-03-15 19:41:07
71.5814950466156,EWS,mico,2025-03-15 19:51:07
31.573546648025513,EWS,mico,2025-03-15 19:55:04
32.784984827041626,EWS,mico,2025-03-16 14:32:36
177.30410170555115,EWS,mico,2025-03-16 15:16:11
182.07435512542725,EWS,mico,2025-03-16 17:13:09
12.498714685440063,EWS,mico,2025-03-16 17:35:39
95.78131580352783,EWS,mico,2025-03-16 17:39:04
13.031243562698364,EWS,mico,2025-03-16 17:49:10
12.819002866744995,EWS,mico,2025-03-16 17:50:18
15.009591817855835,EWS,mico,2025-03-16 17:50:46
12.599642038345337,EWS,mico,2025-03-16 17:58:57
12.291047811508179,EWS,mico,2025-03-16 18:00:49
11.866733074188232,EWS,mico,2025-03-16 18:39:03
11.87804889678955,EWS,mico,2025-03-16 18:45:36
94.71990942955017,EWS,mico,2025-03-16 19:16:11
96.89615273475647,EWS,mico,2025-03-16 19:19:19
435.1965546607971,EWS,mico,2025-03-16 19:28:51
16.30016851425171,EWS,mico,2025-03-16 19:35:14
37.033629417419434,EWS,mico,2025-03-16 19:37:28
91.06543469429016,EWS,twitter,2025-03-16 19:48:03
99.30228686332703,EWS,dblp,2025-03-16 19:59:03
43.96255016326904,EWS,mico,2025-03-16 20:05:03
52.114816665649414,EWS,mico,2025-03-16 21:25:52
221.3254165649414,EWS,twitter,2025-03-17 12:33:36
257.7620646953583,EWS,twitter,2025-03-17 12:43:59
102.23129868507385,EWS,twitter,2025-03-17 13:06:52
51.258838176727295,EWS,twitter,2025-03-17 13:15:37
46.51281452178955,EWS,twitter,2025-03-17 13:18:28
54.76017761230469,EWS,twitter,2025-03-17 13:21:24
39.29190397262573,EWS,twitter,2025-03-17 13:25:18
140.0168104171753,EWS,twitter,2025-03-17 13:31:18
48.490944385528564,EWS,twitter,2025-03-17 13:36:24
62.26126718521118,EWS,twitter,2025-03-17 13:37:50
48.54094958305359,EWS,twitter,2025-03-17 13:42:05
51.47706365585327,EWS,twitter,2025-03-17 13:48:01
44.903247594833374,EWS,twitter,2025-03-17 13:59:33
53.475266218185425,EWS,twitter,2025-03-17 14:06:41
63.99078583717346,EWS,twitter,2025-03-17 14:25:20
114.24207615852356,EWS,dblp,2025-03-17 14:43:55
22.721848726272583,EWS,dblp,2025-03-17 14:51:18
17.235092163085938,EWS,twitter,2025-03-17 14:52:00
24.419931650161743,EWS,twitter,2025-03-17 14:55:16
35.76272511482239,EWS,twitter,2025-03-17 14:58:00
30.679973602294922,EWS,twitter,2025-03-17 15:01:46
35.87998342514038,EWS,twitter,2025-03-17 15:20:43
17.16263747215271,EWS,twitter,2025-03-17 15:26:12
36.63852310180664,EWS,twitter,2025-03-17 15:34:42
35.294925689697266,EWS,twitter,2025-03-17 15:35:23
35.63819074630737,EWS,twitter,2025-03-17 15:36:03
34.94223880767822,EWS,twitter,2025-03-17 15:41:05
1205.097757101059,EWS,twitter,2025-03-17 19:05:14
37.510411500930786,EWS,twitter,2025-03-17 19:29:00
16.891427516937256,EWS,twitter,2025-03-17 19:31:21
19.22374987602234,EWS,twitter,2025-03-17 19:33:04
39.283754110336304,EWS,twitter,2025-03-17 19:48:35
56.88571262359619,RN,twitter,2025-03-17 19:55:31
51.79941773414612,RN,twitter,2025-03-17 20:08:44
32.71187996864319,EWS,mico,2025-03-17 20:09:35
87.03065752983093,EWS,dblp,2025-03-17 20:25:43
100.72500681877136,EWS,dblp,2025-03-17 20:31:48
920.8414187431335,EWS,twitch,2025-03-17 21:51:12
174.03161120414734,EWS,twitch,2025-03-17 21:59:55
89.22476530075073,EWS,dblp,2025-03-18 11:57:15
91.33407187461853,EWS,dblp,2025-03-18 12:02:37
82.57494258880615,EWS,twitter,2025-03-18 12:40:30
93.91625809669495,EWS,twitter,2025-03-18 12:45:05
37.24958252906799,EWS,twitter,2025-03-18 12:53:43
94.62431216239929,EWS,twitter,2025-03-18 12:56:38
124.20595073699951,EWS,dblp,2025-03-18 13:02:19
69.52085328102112,EWS,mico,2025-03-18 13:22:31
79.43913269042969,EWS,mico,2025-03-18 13:27:15
34.33412218093872,EWS,mico,2025-03-18 13:42:23
76.6913583278656,EWS,twitter,2025-03-18 13:46:19
56.168144941329956,EWS,twitter,2025-03-19 11:13:50
58.286880016326904,EWS,twitter,2025-03-19 11:17:40
226.5278284549713,EWS,twitter,2025-03-19 11:46:36
177.60973525047302,EWS,twitter,2025-03-19 12:34:02
39.34430956840515,EWS,twitter,2025-03-19 13:04:25
25.655977249145508,EWS,twitter,2025-03-19 13:06:58
28.10952877998352,EWS,twitter,2025-03-19 13:12:57
34.203954219818115,EWS,twitter,2025-03-19 13:15:30
34.36227989196777,EWS,twitter,2025-03-19 13:17:09
34.31153845787048,EWS,twitter,2025-03-19 13:17:54
26.511935472488403,EWS,twitter,2025-03-19 13:18:27
33.600253105163574,EWS,twitter,2025-03-19 13:20:07
32.076966762542725,EWS,twitter,2025-03-19 13:29:49
29.952839612960815,EWS,twitter,2025-03-19 13:32:38
124.33114981651306,EWS,twitter,2025-03-19 14:06:14
31.271750450134277,EWS,twitter,2025-03-19 14:07:33
33.82276678085327,EWS,twitter,2025-03-19 14:29:52
24.726280450820923,EWS,twitter,2025-03-19 14:32:17
77.76181364059448,EWS,twitter,2025-03-19 14:37:29
32.75484275817871,EWS,twitter,2025-03-19 14:40:32
33.97375988960266,EWS,twitter,2025-03-19 14:43:52
25.636286973953247,EWS,twitter,2025-03-19 14:47:59
36.74123239517212,EWS,twitter,2025-03-19 15:12:01
109.77120447158813,EWS,twitter,2025-03-19 15:38:13
35.45672273635864,EWS,twitter,2025-03-19 15:57:42
50.26699185371399,EWS,dblp,2025-03-19 16:10:58
36.40106177330017,EWS,dblp,2025-03-19 16:14:19
46.32188081741333,EWS,dblp,2025-03-19 16:18:35
50.379347801208496,EWS,dblp,2025-03-19 16:45:04
52.50745153427124,EWS,dblp,2025-03-19 16:46:34
235.04716682434082,EWS,dblp,2025-03-19 18:32:08
51.56425452232361,EWS,dblp,2025-03-19 18:40:06
51.378060817718506,EWS,dblp,2025-03-19 18:41:13
260.8658151626587,EWS,dblp,2025-03-19 18:47:10
51.22553515434265,EWS,dblp,2025-03-19 18:51:17
37.48353981971741,EWS,twitter,2025-03-19 18:53:02
50.6391179561615,EWS,dblp,2025-03-19 18:59:40
51.60890817642212,EWS,dblp,2025-03-19 19:02:42
50.216766595840454,EWS,dblp,2025-03-19 19:08:17
180.83951044082642,EWS,dblp,2025-03-21 10:01:05
57.9522340297699,EWS,dblp,2025-03-21 10:04:20
68.52969098091125,EWS,dblp,2025-03-21 10:10:19
69.32200241088867,EWS,dblp,2025-03-21 10:15:53
68.27592372894287,EWS,dblp,2025-03-21 10:19:11
143.13271045684814,EWS,dblp,2025-03-21 10:23:57
69.88380813598633,EWS,dblp,2025-03-21 10:30:57
61.78605532646179,EWS,dblp,2025-03-21 10:33:46
74.36098599433899,EWS,dblp,2025-03-21 10:36:56
71.22999715805054,EWS,dblp,2025-03-21 10:40:19
77.4384753704071,EWS,dblp,2025-03-21 10:44:58
74.3447334766388,EWS,dblp,2025-03-21 10:50:58
91.07235908508301,EWS,dblp,2025-03-21 10:57:32
98.31433153152466,EWS,dblp,2025-03-21 11:00:46
131.7514772415161,EWS,dblp,2025-03-21 11:15:40
136.06914377212524,EWS,dblp,2025-03-21 11:58:19
135.2645149230957,EWS,dblp,2025-03-21 12:10:02
127.32973599433899,EWS,dblp,2025-03-21 12:32:04
133.6488959789276,EWS,dblp,2025-03-21 12:37:44
136.27752494812012,EWS,dblp,2025-03-21 12:46:10
145.7378795146942,EWS,dblp,2025-03-21 13:02:36
128.040185213089,EWS,dblp,2025-03-21 13:56:27
125.09792852401733,EWS,dblp,2025-03-21 14:01:56
68.65992879867554,EWS,dblp,2025-03-21 15:07:28
66.59505867958069,EWS,dblp,2025-03-21 15:09:00
40.49353051185608,EWS,dblp,2025-03-21 15:24:18
59.063783168792725,EWS,dblp,2025-03-21 15:26:52
120.67341542243958,EWS,dblp,2025-03-21 15:29:20
118.00371479988098,EWS,dblp,2025-03-21 15:37:04
119.58812165260315,EWS,dblp,2025-03-21 15:41:18
52.25768041610718,EWS,dblp,2025-03-21 15:57:02
122.41518092155457,EWS,dblp,2025-03-21 16:01:15
41.45557117462158,EWS,dblp,2025-03-21 16:05:38
39.976069688797,EWS,dblp,2025-03-21 16:06:34
44.15954399108887,EWS,dblp,2025-03-21 16:14:59
21.617387771606445,EWS,dblp,2025-03-21 16:37:57
50.572309255599976,EWS,dblp,2025-03-21 16:43:16
14.773098230361938,EWS,dblp,2025-03-21 16:45:20
26.7895290851593,EWS,dblp,2025-03-21 16:47:15
29.60740876197815,EWS,dblp,2025-03-21 16:51:07
28.749770402908325,EWS,dblp,2025-03-21 16:52:48
85.20344305038452,EWS,dblp,2025-03-21 16:59:02
29.64962410926819,EWS,dblp,2025-03-21 17:01:39
36.98209238052368,EWS,dblp,2025-03-21 17:08:36
36.30525875091553,EWS,dblp,2025-03-21 17:10:10
39.36009073257446,EWS,dblp,2025-03-21 17:48:47
42.18086123466492,EWS,dblp,2025-03-21 18:17:41
38.42231583595276,EWS,dblp,2025-03-21 18:33:45
37.121084451675415,EWS,dblp,2025-03-21 18:36:29
38.598708152770996,EWS,dblp,2025-03-21 18:40:04
40.022592306137085,EWS,dblp,2025-03-21 18:46:03
40.230754137039185,EWS,dblp,2025-03-21 18:50:35
37.27329683303833,EWS,dblp,2025-03-21 18:52:32
38.00930118560791,EWS,dblp,2025-03-21 18:55:37
42.27677392959595,EWS,dblp,2025-03-21 18:57:18
39.1462767124176,EWS,dblp,2025-03-21 18:58:40
41.07577872276306,EWS,dblp,2025-03-21 19:01:10
39.89396905899048,EWS,dblp,2025-03-21 19:03:54
38.61390995979309,EWS,dblp,2025-03-21 19:05:41
40.16693186759949,EWS,dblp,2025-03-21 19:07:21
42.2478563785553,EWS,dblp,2025-03-21 19:09:16
43.0220160484314,EWS,dblp,2025-03-21 19:11:22
39.36298441886902,EWS,dblp,2025-03-21 19:15:55
175.93761587142944,EWS,dblp,2025-03-21 19:20:02
41.544941425323486,EWS,dblp,2025-03-21 19:31:32
41.31630563735962,EWS,dblp,2025-03-21 19:36:28
39.71335434913635,EWS,dblp,2025-03-21 19:44:09
38.13558626174927,EWS,dblp,2025-03-21 19:46:31
37.71305251121521,EWS,dblp,2025-03-21 19:51:06
44.856542110443115,EWS,dblp,2025-03-21 19:58:16
52.557302474975586,EWS,dblp,2025-03-22 13:06:56
97.912752866745,EWS,dblp,2025-03-22 13:09:31
96.21841502189636,EWS,dblp,2025-03-22 13:16:26
52.993032693862915,EWS,dblp,2025-03-22 13:19:44
43.57760739326477,EWS,dblp,2025-03-22 13:33:31
43.02099347114563,EWS,dblp,2025-03-22 13:39:00
43.91813921928406,EWS,dblp,2025-03-22 13:41:01
45.53920531272888,EWS,dblp,2025-03-22 13:43:07
41.887139558792114,EWS,dblp,2025-03-22 14:01:48
59.533997774124146,EWS,dblp,2025-03-22 14:10:37
48.89760684967041,EWS,dblp,2025-03-22 14:12:09
126.7422513961792,EWS,dblp,2025-03-22 14:14:58
46.2192816734314,EWS,dblp,2025-03-22 14:19:47
150.73943567276,EWS,twitch,2025-03-23 14:47:44
168.8163673877716,EWS,twitch,2025-03-23 14:54:54
143.88115549087524,EWS,twitch,2025-03-23 15:02:17
132.2944896221161,EWS,twitch,2025-03-23 15:12:49
384.7361650466919,EWS,twitch,2025-03-23 15:33:31
511.7327299118042,EWS,twitch,2025-03-23 15:48:20
96.93742990493774,EWS,twitch,2025-03-23 15:59:31
507.6943736076355,EWS,twitch,2025-03-23 16:13:00
533.5782556533813,EWS,twitch,2025-03-23 16:25:15
126.27240443229675,EWS,twitch,2025-03-23 16:29:26
561.3289046287537,EWS,twitch,2025-03-23 16:44:57
3683.097134590149,EWS,twitch,2025-03-23 17:48:12
630.8976395130157,EWS,patent,2025-03-23 20:59:32
616.1313199996948,EWS,patent,2025-03-23 23:18:37
1752.6214003562927,EWS,patent,2025-03-23 23:52:39
36.57585167884827,EWS,twitter,2025-03-24 12:15:55
27.25837731361389,EWS,twitter,2025-03-24 12:17:41
35.966301918029785,EWS,twitter,2025-03-24 12:20:37
127.28499674797058,EWS,twitter,2025-03-24 12:25:56
29.95150065422058,EWS,twitter,2025-03-24 12:49:58
36.854583978652954,EWS,twitter,2025-03-24 12:52:14
25.09986710548401,EWS,twitter,2025-03-24 12:57:55
166.0905442237854,EWS,twitter,2025-03-24 13:02:04
36.40503120422363,EWS,twitter,2025-03-24 13:09:06
46.35751152038574,EWS,twitter,2025-03-24 13:11:21
38.465177059173584,EWS,twitter,2025-03-24 13:14:51
36.066235303878784,EWS,twitter,2025-03-24 13:16:30
131.49177026748657,EWS,twitter,2025-03-24 13:20:50
41.664660930633545,EWS,twitter,2025-03-24 13:24:05
48.93343806266785,EWS,twitter,2025-03-24 13:35:05
78.6836199760437,EWS,twitter,2025-03-24 13:42:40
43.61921954154968,EWS,twitter,2025-03-24 13:46:06
51.935604095458984,EWS,twitter,2025-03-24 13:48:07
46.286964416503906,EWS,twitter,2025-03-24 13:56:30
52.64041566848755,EWS,twitter,2025-03-24 13:58:26
56.33220624923706,EWS,twitter,2025-03-24 14:01:04
112.3704445362091,EWS,twitter,2025-03-24 14:06:29
67.1708562374115,EWS,twitter,2025-03-24 14:10:32
47.31108832359314,EWS,twitter,2025-03-24 14:12:41
46.35835599899292,EWS,twitter,2025-03-24 14:15:03
41.783671617507935,EWS,twitter,2025-03-24 14:18:28
257.1224467754364,EWS,twitter,2025-03-24 14:24:26
176.05963015556335,EWS,mico,2025-03-24 14:32:30
164.62016344070435,EWS,dblp,2025-03-24 14:43:54
48.27850914001465,EWS,dblp,2025-03-24 14:53:39
263.5817506313324,EWS,dblp,2025-03-24 14:59:11
41.18139624595642,EWS,twitter,2025-03-24 19:38:27
48.43756031990051,EWS,dblp,2025-03-24 19:58:22
256.5052833557129,EWS,dblp,2025-03-24 20:05:04
642.9367487430573,EWS,twitch,2025-03-24 20:33:45
1394.4249863624573,EWS,patent,2025-03-24 22:05:18
900.8695960044861,EWS,patent,2025-03-25 11:55:09
1019.7986695766449,EWS,patent,2025-03-25 12:21:38
997.1801586151123,EWS,patent,2025-03-25 12:49:12
22.505270957946777,EWS,mico,2025-03-25 13:05:17
32.83545780181885,EWS,mico,2025-03-25 13:11:49
20.106627225875854,EWS,mico,2025-03-25 13:33:28
23.647525310516357,EWS,mico,2025-03-25 13:34:40
68.01220321655273,EWS,mico,2025-03-25 14:09:02
20.79719638824463,EWS,mico,2025-03-25 14:12:20
41.92491793632507,EWS,dblp,2025-03-25 14:32:40
26.40563702583313,EWS,dblp,2025-03-25 14:37:23
54.0357129573822,EWS,dblp,2025-03-25 14:39:13
25.223459482192993,EWS,dblp,2025-03-25 14:45:34
105.11373043060303,EWS,dblp,2025-03-25 15:12:04
228.00823068618774,EWS,dblp,2025-03-25 15:19:20
47.58005952835083,EWS,dblp,2025-03-25 15:20:33
42.67806601524353,EWS,dblp,2025-03-25 15:23:11
60.72554564476013,EWS,dblp,2025-03-25 15:34:58
61.27730321884155,EWS,dblp,2025-03-25 15:38:13
60.22649359703064,EWS,dblp,2025-03-25 15:41:32
58.581319093704224,EWS,dblp,2025-03-25 15:45:16
59.00062108039856,EWS,dblp,2025-03-25 15:51:07
56.05701494216919,EWS,dblp,2025-03-25 15:54:21
90.04452133178711,EWS,dblp,2025-03-26 12:22:25
38.33908128738403,EWS,dblp,2025-03-26 12:27:29
41.663140058517456,EWS,dblp,2025-03-26 12:42:06
41.380053758621216,EWS,dblp,2025-03-26 12:42:58
40.10302948951721,EWS,dblp,2025-03-26 13:06:54
38.97670602798462,EWS,dblp,2025-03-26 13:08:55
39.06210255622864,EWS,dblp,2025-03-26 13:10:29
38.98318099975586,EWS,dblp,2025-03-26 13:11:28
38.1831533908844,EWS,dblp,2025-03-26 13:28:19
37.97771739959717,EWS,dblp,2025-03-26 13:30:06
92.73260951042175,EWS,dblp,2025-03-26 13:35:08
38.74203419685364,EWS,dblp,2025-03-26 13:40:49
139.94596123695374,EWS,dblp,2025-03-26 14:13:45
501.1048023700714,EWS,patent,2025-03-26 14:27:36
42.07875919342041,EWS,dblp,2025-03-26 14:47:45
157.39428901672363,EWS,dblp,2025-03-26 14:51:28
41.25569009780884,EWS,dblp,2025-03-26 15:00:06
149.35482740402222,EWS,dblp,2025-03-26 15:04:00
502.99786400794983,EWS,twitch,2025-03-26 15:17:02
181.55490446090698,EWS,twitch,2025-03-26 15:23:01
674.9692583084106,EWS,twitch,2025-03-26 15:36:00
48.034247398376465,EWS,twitter,2025-03-26 15:44:12
24.76272463798523,EWS,mico,2025-03-26 15:46:13
34.86847543716431,EWS,mico,2025-03-26 15:52:19
40.59030532836914,EWS,twitter,2025-03-26 15:57:57
41.48136878013611,EWS,twitter,2025-03-26 15:59:14
41.37054920196533,EWS,twitter,2025-03-26 16:03:37
39.03869915008545,EWS,twitter,2025-03-26 16:06:37
24.552011489868164,EWS,mico,2025-03-26 16:11:54
47.19628858566284,EWS,twitter,2025-03-26 16:28:05
31.389006853103638,EWS,mico,2025-03-26 16:30:04
20.230672121047974,EWS,mico,2025-03-26 16:33:03
43.97649669647217,EWS,twitter,2025-03-26 16:34:31
42.574238300323486,EWS,twitter,2025-03-26 16:37:07
43.01375961303711,EWS,twitter,2025-03-26 16:49:21
43.01140236854553,EWS,twitter,2025-03-26 16:57:05
45.900400161743164,EWS,twitter,2025-03-26 19:23:58
40.18350553512573,EWS,twitter,2025-03-26 19:44:04
42.90772008895874,EWS,twitter,2025-03-26 19:51:43
42.965415954589844,EWS,twitter,2025-03-26 20:03:06
42.71541666984558,EWS,twitter,2025-03-26 20:05:29
45.265775203704834,EWS,twitter,2025-03-26 20:12:07
40.468767404556274,EWS,twitter,2025-03-26 20:15:28
44.75350260734558,EWS,twitter,2025-03-26 20:18:20
41.47584080696106,EWS,twitter,2025-03-26 20:20:45
45.42771577835083,EWS,twitter,2025-03-26 20:22:14
22.27640390396118,EWS,mico,2025-03-26 20:27:33
43.37211561203003,EWS,twitter,2025-03-26 20:28:47
36.69299507141113,EWS,twitter,2025-03-27 12:11:05
35.530012130737305,EWS,twitter,2025-03-27 12:13:52
18.09289574623108,EWS,mico,2025-03-27 12:15:33
17.848721504211426,EWS,mico,2025-03-27 12:17:59
93.03563976287842,EWS,twitch,2025-03-27 12:20:06
18.945431232452393,EWS,mico,2025-03-27 12:25:45
21.36132025718689,EWS,mico,2025-03-27 12:27:49
42.66448760032654,EWS,twitter,2025-03-27 12:29:32
20.554999589920044,EWS,mico,2025-03-27 12:32:18
83.19301986694336,EWS,mico,2025-03-27 12:34:34
255.41703009605408,EWS,twitter,2025-03-27 12:38:57
54.008615493774414,EWS,mico,2025-03-27 13:09:03
224.04302048683167,EWS,twitter,2025-03-27 13:14:31
42.746330976486206,EWS,twitter,2025-03-27 13:20:27
32.80132222175598,EWS,twitter,2025-03-27 13:21:20
32.15338087081909,EWS,twitter,2025-03-27 13:23:44
36.210005044937134,EWS,twitter,2025-03-27 13:25:51
19.01839256286621,EWS,mico,2025-03-27 13:27:30
39.78853988647461,EWS,mico,2025-03-27 13:43:46
41.04670786857605,EWS,mico,2025-03-27 13:44:57
11.349790096282959,EWS,youtube,2025-03-27 17:58:43
42.39181303977966,EWS,youtube,2025-03-27 18:02:58
32.80986142158508,RN,youtube,2025-03-27 18:05:38
37.013731241226196,RN,youtube,2025-03-27 18:13:13
32.43109583854675,RN,youtube,2025-03-27 18:14:38
55.243894815444946,RE,youtube,2025-03-27 18:15:33
145.7308042049408,CNARW,youtube,2025-03-27 18:17:59
43.575345277786255,FF,youtube,2025-03-27 18:18:42
49.50479054450989,SS,youtube,2025-03-27 20:02:40
158.52796697616577,EWS,youtube,2025-03-27 20:16:39
157.70035457611084,EWS,youtube,2025-03-27 20:24:32
29.46433925628662,EWS,youtube,2025-03-27 20:32:24
12.052869081497192,EWS,youtube,2025-03-27 20:39:02
12.158246278762817,EWS,youtube,2025-03-27 20:40:09
11.40894603729248,EWS,youtube,2025-03-27 20:42:06
12.286221027374268,EWS,youtube,2025-03-27 20:43:33
37.753398180007935,EWS,youtube,2025-03-27 20:46:07
27.039478063583374,EWS,youtube,2025-03-27 20:48:49
37.73578119277954,EWS,youtube,2025-03-27 20:51:10
19.302186965942383,EWS,mico,2025-03-27 21:01:50
19.131654500961304,EWS,mico,2025-03-27 21:06:01
40.37597727775574,EWS,twitter,2025-03-27 21:17:54
42.934983015060425,EWS,twitter,2025-03-27 21:23:57
39.185449838638306,EWS,twitter,2025-03-27 21:30:50
53.97827482223511,EWS,twitter,2025-03-27 21:32:48
43.42655539512634,EWS,twitter,2025-03-27 21:35:26
39.76885366439819,EWS,twitter,2025-03-27 21:47:50
116.11052870750427,EWS,twitter,2025-03-28 10:13:00
95.13225054740906,EWS,youtube,2025-03-28 10:16:03
93.18452334403992,EWS,youtube,2025-03-28 10:47:22
26.357731580734253,EWS,youtube,2025-03-28 10:50:26
98.92851614952087,EWS,youtube,2025-03-28 10:54:04
49.74848175048828,EWS,twitter,2025-03-28 11:58:42
66.87888479232788,EWS,twitter,2025-03-28 12:00:49
42.41744947433472,EWS,twitter,2025-03-28 12:05:28
40.21610355377197,EWS,twitter,2025-03-28 12:07:27
38.79438138008118,EWS,twitter,2025-03-28 12:09:24
44.60536789894104,EWS,twitter,2025-03-28 12:11:19
47.5549898147583,EWS,twitter,2025-03-28 12:28:11
63.631226539611816,EWS,twitter,2025-03-28 12:33:04
40.097283363342285,EWS,twitter,2025-03-28 12:35:09
38.01450490951538,EWS,twitter,2025-03-28 13:11:22
42.01602816581726,EWS,twitter,2025-03-28 13:14:18
45.814106941223145,EWS,twitter,2025-03-28 13:21:27
46.596129417419434,EWS,twitter,2025-03-28 13:23:06
41.54954671859741,EWS,twitter,2025-03-28 13:59:02
44.38903450965881,EWS,twitter,2025-03-28 14:00:42
23.378751516342163,EWS,mico,2025-03-28 14:06:23
87.16933250427246,EWS,twitch,2025-03-28 14:19:34
183.68389463424683,EWS,twitch,2025-03-28 14:24:20
579.2356677055359,EWS,patent,2025-03-28 15:46:19
1486.8791074752808,EWS,patent,2025-03-28 16:15:05
725.5748443603516,EWS,twitch,2025-03-28 18:51:28
85.49749612808228,EWS,mico,2025-03-28 19:04:21
259.24011063575745,EWS,twitter,2025-03-28 19:08:40
141.6102750301361,EWS,mico,2025-03-28 19:22:51
173.24910521507263,EWS,dblp,2025-03-28 19:28:42
590.9090573787689,RN,twitch,2025-04-01 13:56:50
998.580516576767,RE,twitch,2025-04-01 14:13:29
14621.74362373352,CNARW,twitch,2025-04-01 18:17:11
787.002843618393,FF,twitch,2025-04-01 18:30:18
901.7684116363525,SS,twitch,2025-04-01 18:45:19
85.68645477294922,RN,mico,2025-04-01 18:46:45
136.25204801559448,RE,mico,2025-04-01 18:49:01
338.8779299259186,CNARW,mico,2025-04-01 18:54:40
101.23836159706116,FF,mico,2025-04-01 18:56:21
118.60564255714417,SS,mico,2025-04-01 18:58:20
106.80219149589539,RN,dblp,2025-04-01 19:00:07
174.49992561340332,RE,dblp,2025-04-01 19:03:01
335.22640776634216,CNARW,dblp,2025-04-01 19:08:37
157.72123956680298,FF,dblp,2025-04-01 19:11:14
173.50452613830566,SS,dblp,2025-04-01 19:14:08
101.94450259208679,RN,twitter,2025-04-01 19:15:50
161.73930716514587,RE,twitter,2025-04-01 19:18:32
706.2928922176361,CNARW,twitter,2025-04-01 19:30:18
151.56785917282104,FF,twitter,2025-04-01 19:32:49
199.99823379516602,SS,twitter,2025-04-01 19:36:09
1996.1566050052643,RN,patent,2025-04-01 20:09:26
4659.5326182842255,RE,patent,2025-04-01 21:27:05
4350.297940254211,CNARW,patent,2025-04-02 00:38:02
2532.4337918758392,FF,patent,2025-04-02 01:20:15
3202.47372508049,SS,patent,2025-04-02 02:13:37
53.72168278694153,RN,twitter,2025-04-07 20:12:17
79.77373790740967,RE,twitter,2025-04-07 20:37:48
429.7956631183624,RE,twitch,2025-04-07 20:48:33
67.65787053108215,RE,mico,2025-04-07 20:49:40
92.27189540863037,RE,dblp,2025-04-07 20:51:13
104.59861183166504,RE,twitter,2025-04-07 20:52:57
2450.226130247116,RE,patent,2025-04-07 21:33:47
206.83577942848206,FF,twitch,2025-04-09 15:30:44
83.83652138710022,FF,twitch,2025-04-09 15:52:02
435.1265983581543,FF,twitch,2025-04-09 16:00:49
172.26823735237122,FF,twitch,2025-04-09 16:08:04
190.48796844482422,FF,twitch,2025-04-09 16:17:57
445.4884810447693,FF,twitch,2025-04-09 16:27:39
162.60357809066772,FF,twitch,2025-04-09 16:39:45
170.32570910453796,FF,twitch,2025-04-09 16:44:54
453.2204110622406,FF,twitch,2025-04-09 16:55:50
82.82763528823853,RN,twitter,2025-04-09 17:04:07
817.5499622821808,FF,twitch,2025-04-09 17:18:23
40.10838556289673,RN,twitter,2025-04-09 18:49:09
42.580507040023804,SS,twitter,2025-04-09 18:59:43
169.13203930854797,SS,twitch,2025-04-09 19:04:08
176.03739404678345,SS,twitch,2025-04-09 19:09:21
201.48078441619873,SS,twitch,2025-04-09 19:16:36
173.98135423660278,SS,twitch,2025-04-09 19:21:28
164.83938145637512,SS,twitch,2025-04-09 19:48:32
373.8309783935547,SS,twitch,2025-04-09 19:58:31
368.88592410087585,RN,twitch,2025-04-09 20:31:09
67.96205234527588,RN,mico,2025-04-09 20:32:17
70.26563954353333,RN,dblp,2025-04-09 20:33:27
78.47334384918213,RN,twitter,2025-04-09 20:34:45
1493.112423658371,RN,patent,2025-04-09 20:59:39
384.0646641254425,SS,twitch,2025-04-09 21:40:47
407.5469617843628,FF,twitch,2025-04-09 21:47:35
78.84905481338501,SS,mico,2025-04-09 21:48:54
54.42247772216797,FF,mico,2025-04-09 21:49:48
94.24601078033447,SS,dblp,2025-04-09 21:51:22
79.44833207130432,FF,dblp,2025-04-09 21:52:42
102.26732659339905,SS,twitter,2025-04-09 21:54:24
77.94692015647888,FF,twitter,2025-04-09 21:55:42
1682.7722232341766,SS,patent,2025-04-09 22:23:45
1480.1601448059082,FF,patent,2025-04-09 22:48:26
342.6277084350586,RN,twitch,2025-04-10 11:51:33
351.78288316726685,RE,twitch,2025-04-10 11:57:25
7477.71303319931,CNARW,twitch,2025-04-10 14:02:03
525.13463139534,FF,twitch,2025-04-10 14:10:48
477.0988276004791,SS,twitch,2025-04-10 14:18:45
68.84366512298584,RN,mico,2025-04-10 14:19:54
68.01410412788391,RE,mico,2025-04-10 14:21:02
223.5315215587616,CNARW,mico,2025-04-10 14:24:46
64.99656820297241,FF,mico,2025-04-10 14:25:51
98.56107521057129,SS,mico,2025-04-10 14:27:29
72.83967757225037,RN,dblp,2025-04-10 14:28:42
98.46239233016968,RE,dblp,2025-04-10 14:30:21
210.7673041820526,CNARW,dblp,2025-04-10 14:33:51
97.48782968521118,FF,dblp,2025-04-10 14:35:29
117.24068212509155,SS,dblp,2025-04-10 14:37:26
86.45479536056519,RN,twitter,2025-04-10 14:38:53
102.88991355895996,RE,twitter,2025-04-10 14:40:35
452.312087059021,CNARW,twitter,2025-04-10 14:48:08
97.72167015075684,FF,twitter,2025-04-10 14:49:45
127.3028392791748,SS,twitter,2025-04-10 14:51:53
1659.4552776813507,RN,patent,2025-04-10 15:19:32
3332.866879940033,RE,patent,2025-04-10 16:15:05
2948.5478069782257,CNARW,patent,2025-04-10 17:04:14
1550.3390274047852,FF,patent,2025-04-10 17:30:04
1839.4834542274475,SS,patent,2025-04-10 18:00:44
7106.630657196045,CNARW,twitch,2025-04-10 22:15:00
2240.5194973945618,CNARW,patent,2025-04-10 22:52:21
443.2742269039154,EWS,twitch,2025-04-11 14:41:31
976.1728792190552,EWS,patent,2025-04-11 14:57:47
51.56298494338989,EWS,youtube,2025-04-14 19:56:49
37.88591694831848,RN,youtube,2025-04-14 20:02:40
54.002233266830444,RE,youtube,2025-04-14 20:03:34
18.872637510299683,CNARW,youtube,2025-04-14 20:03:53
51.3037211894989,FF,youtube,2025-04-14 20:04:44
60.955814599990845,SS,youtube,2025-04-14 20:05:45
75.20438647270203,CNARW,youtube,2025-04-14 20:10:56
30.43582820892334,EWS,youtube,2025-04-14 20:15:27
61.11981129646301,EWS,youtube,2025-04-14 20:20:14
56.08078098297119,EWS,youtube,2025-04-14 20:25:58
42.1130850315094,RN,youtube,2025-04-14 20:33:35
57.88663148880005,RE,youtube,2025-04-14 20:34:33
97.70782041549683,CNARW,youtube,2025-04-14 20:36:11
50.98968434333801,FF,youtube,2025-04-14 20:37:02
58.94963598251343,SS,youtube,2025-04-14 20:38:01
19.74538516998291,EWS,mico,2025-04-21 12:39:01
19.160709619522095,EWS,mico,2025-04-21 13:05:00
33.64475870132446,EWS,mico,2025-04-21 14:13:15
44.56687569618225,EWS,twitter,2025-04-21 14:39:27
100.22339797019958,EWS,dblp,2025-04-21 15:02:55
131.17720007896423,EWS,twitch,2025-04-21 15:36:45
1491.7395734786987,EWS,patent,2025-04-21 22:43:29
144.27345991134644,RN,twitch,2025-04-22 09:24:29
86.59178638458252,RE,twitch,2025-04-22 09:27:36
175.9409282207489,RN,twitch,2025-04-22 09:54:01
191.85930180549622,RE,twitch,2025-04-22 09:59:02
2578.877289056778,CNARW,twitch,2025-04-22 10:43:46
164.41886186599731,FF,twitch,2025-04-22 10:47:05
216.5987515449524,SS,twitch,2025-04-22 10:51:52
18.93495774269104,RN,mico,2025-04-22 10:52:32
19.446583032608032,RE,mico,2025-04-22 10:53:03
68.82158279418945,CNARW,mico,2025-04-22 10:54:23
22.067532777786255,FF,mico,2025-04-22 10:54:49
34.649322509765625,SS,mico,2025-04-22 10:55:34
23.778133153915405,RN,dblp,2025-04-22 10:56:02
38.216570138931274,RE,dblp,2025-04-22 10:56:53
83.07978010177612,CNARW,dblp,2025-04-22 10:58:29
40.912375688552856,FF,dblp,2025-04-22 10:59:16
54.525184869766235,SS,dblp,2025-04-22 11:00:26
32.610074043273926,RN,twitter,2025-04-22 11:01:05
44.832294940948486,RE,twitter,2025-04-22 11:02:03
161.56973266601562,CNARW,twitter,2025-04-22 11:04:58
39.30068111419678,FF,twitter,2025-04-22 11:05:43
49.29497146606445,SS,twitter,2025-04-22 11:06:45
1177.6073098182678,RN,patent,2025-04-22 11:26:27
4246.537704229355,RE,patent,2025-04-22 12:59:09
8509.01742196083,CNARW,patent,2025-04-22 15:49:25
1976.3999779224396,FF,patent,2025-04-22 16:27:18
7100.193201303482,SS,patent,2025-04-22 18:48:35
34.36717104911804,EWS,mico,2025-04-22 19:56:50
15.779532670974731,RN,youtube,2025-04-23 11:10:19
22.1218478679657,RE,youtube,2025-04-23 11:10:50
34.35786843299866,CNARW,youtube,2025-04-23 11:11:33
17.482804775238037,FF,youtube,2025-04-23 11:11:54
21.274106979370117,SS,youtube,2025-04-23 11:12:24
15.798121690750122,RN,youtube,2025-04-23 13:13:51
24.568469524383545,RE,youtube,2025-04-23 13:14:25
43.71678400039673,CNARW,youtube,2025-04-23 13:15:18
23.975441932678223,FF,youtube,2025-04-23 13:15:46
26.47815728187561,SS,youtube,2025-04-23 13:16:23
43.767759799957275,EWS,youtube,2025-04-23 13:38:07
20.16982126235962,EWS,youtube,2025-04-23 18:42:02
17.39669418334961,EWS,mico,2025-04-23 19:20:17
28.50646448135376,EWS,dblp,2025-04-23 19:29:09
18.372097730636597,EWS,twitter,2025-04-23 19:46:28
133.97354292869568,EWS,twitch,2025-04-23 20:03:24
468.4476203918457,EWS,patent,2025-04-23 21:40:55
43.50172305107117,EWS,twitter,2025-04-24 10:12:53
41.87224555015564,EWS,youtube,2025-04-24 10:54:50
83.6391773223877,RN,twitch,2025-04-24 11:29:26
91.42304039001465,RE,twitch,2025-04-24 11:30:58
1483.4528770446777,CNARW,twitch,2025-04-24 11:55:41
84.66690254211426,FF,twitch,2025-04-24 11:57:06
82.18005037307739,SS,twitch,2025-04-24 11:58:28
12.84091591835022,RN,mico,2025-04-24 11:58:41
10.940764665603638,RE,mico,2025-04-24 11:58:52
36.72353649139404,CNARW,mico,2025-04-24 11:59:29
11.236273050308228,FF,mico,2025-04-24 11:59:40
16.5679452419281,SS,mico,2025-04-24 11:59:57
12.19883418083191,RN,dblp,2025-04-24 12:00:09
16.77365732192993,RE,dblp,2025-04-24 12:00:26
35.423821687698364,CNARW,dblp,2025-04-24 12:01:01
16.281348705291748,FF,dblp,2025-04-24 12:01:17
19.41061544418335,SS,dblp,2025-04-24 12:01:37
13.72339653968811,RN,twitter,2025-04-24 12:01:51
16.617459058761597,RE,twitter,2025-04-24 12:02:07
73.33031916618347,CNARW,twitter,2025-04-24 12:03:20
16.15752673149109,FF,twitter,2025-04-24 12:03:37
21.182414770126343,SS,twitter,2025-04-24 12:03:58
226.2404761314392,RN,patent,2025-04-24 12:07:44
268.1616942882538,RE,patent,2025-04-24 12:12:12
513.0679039955139,CNARW,patent,2025-04-24 12:20:45
297.97545289993286,FF,patent,2025-04-24 12:25:43
406.42699241638184,SS,patent,2025-04-24 12:32:30
8.23876404762268,RN,youtube,2025-04-24 12:32:38
11.556914806365967,RE,youtube,2025-04-24 12:32:50
20.603942155838013,CNARW,youtube,2025-04-24 12:33:10
22.268851041793823,FF,youtube,2025-04-24 12:33:33
12.844398260116577,SS,youtube,2025-04-24 12:33:45
221.60648608207703,RN,twitch,2025-04-24 16:36:01
219.75109219551086,RE,twitch,2025-04-24 16:41:55
2214.2146270275116,CNARW,twitch,2025-04-24 17:21:47
172.59914207458496,FF,twitch,2025-04-24 17:25:16
196.22845840454102,SS,twitch,2025-04-24 17:30:15
30.967262983322144,RN,mico,2025-04-24 17:31:08
22.701180696487427,RE,mico,2025-04-24 17:31:42
68.31307625770569,CNARW,mico,2025-04-24 17:33:01
19.666507482528687,FF,mico,2025-04-24 17:33:34
38.59622597694397,SS,mico,2025-04-24 17:34:24
26.210144758224487,RN,dblp,2025-04-24 17:34:55
39.08201217651367,RE,dblp,2025-04-24 17:35:47
80.13261151313782,CNARW,dblp,2025-04-24 17:37:20
37.009392499923706,FF,dblp,2025-04-24 17:38:03
42.59579062461853,SS,dblp,2025-04-24 17:39:00
28.021843194961548,RN,twitter,2025-04-24 17:39:36
39.60242772102356,RE,twitter,2025-04-24 17:40:27
132.471923828125,CNARW,twitter,2025-04-24 17:42:52
35.61334538459778,FF,twitter,2025-04-24 17:43:32
47.10598874092102,SS,twitter,2025-04-24 17:44:34
867.082950592041,RN,patent,2025-04-24 17:59:07
3234.964119195938,RE,patent,2025-04-24 19:14:05
54.011842250823975,EWS,youtube,2025-04-28 10:24:06
110.25596308708191,EWS,twitter,2025-04-28 10:29:30
38.506016969680786,EWS,mico,2025-04-28 10:32:26
351.1285231113434,EWS,twitch,2025-04-29 14:05:57
66.51304006576538,EWS,mico,2025-04-29 14:07:04
89.25873351097107,EWS,dblp,2025-04-29 14:08:33
88.57855486869812,EWS,twitter,2025-04-29 14:10:02
895.1803305149078,EWS,patent,2025-04-29 14:24:57
223.45119857788086,EWS,youtube,2025-04-29 14:28:40
400.549467086792,EWS,twitch,2025-04-29 15:14:52
63.81426382064819,EWS,mico,2025-04-29 15:15:56
98.26793313026428,EWS,dblp,2025-04-29 15:17:34
83.17779088020325,EWS,twitter,2025-04-29 15:18:58
1057.2010610103607,EWS,patent,2025-04-29 15:36:35
202.68743467330933,EWS,youtube,2025-04-29 15:39:58
393.95990920066833,EWS,twitch,2025-04-29 16:02:23
62.7548406124115,EWS,mico,2025-04-29 16:03:26
100.48125672340393,EWS,dblp,2025-04-29 16:05:07
75.37759327888489,EWS,twitter,2025-04-29 16:06:22
1046.7131872177124,EWS,patent,2025-04-29 16:23:49
60.88591194152832,EWS,youtube,2025-04-29 16:24:50
338.85053849220276,EWS,twitch,2025-04-29 18:41:38
55.248942852020264,EWS,mico,2025-04-29 18:42:33
84.57958173751831,EWS,dblp,2025-04-29 18:43:58
61.217768907547,EWS,twitter,2025-04-29 18:44:59
822.1901590824127,EWS,patent,2025-04-29 18:58:41
124.80469346046448,EWS,youtube,2025-04-29 19:00:46
41.05420470237732,EWS,mico,2025-05-03 13:57:52
36.11990523338318,EWS,mico,2025-05-03 14:11:08
36.129666566848755,EWS,mico,2025-05-03 14:12:33
359.0881998538971,EWS,twitch,2025-05-03 23:25:25
46.37153077125549,EWS,mico,2025-05-03 23:26:12
88.2725076675415,EWS,dblp,2025-05-03 23:27:40
55.0463011264801,EWS,twitter,2025-05-03 23:28:35
866.4293358325958,EWS,patent,2025-05-03 23:43:01
52.844074010849,EWS,youtube,2025-05-03 23:43:54
361.77992820739746,EWS,twitch,2025-05-06 14:21:05
51.102864027023315,EWS,mico,2025-05-06 14:21:56
83.47952008247375,EWS,dblp,2025-05-06 14:23:20
64.15379571914673,EWS,twitter,2025-05-06 14:24:24
876.233039855957,EWS,patent,2025-05-06 14:39:00
202.88142895698547,EWS,youtube,2025-05-06 14:42:23
302.94576811790466,EWS,twitch,2025-05-06 15:39:25
60.77063512802124,EWS,mico,2025-05-06 15:40:26
343.392263174057,EWS,twitch,2025-05-06 19:37:06
52.02028727531433,EWS,mico,2025-05-06 19:37:58
82.07722091674805,EWS,dblp,2025-05-06 19:39:20
55.39174795150757,EWS,twitter,2025-05-06 19:40:15
931.0383315086365,EWS,patent,2025-05-06 19:55:46
203.60607647895813,EWS,youtube,2025-05-06 19:59:10
643.2731778621674,EWS,twitch,2025-05-06 20:54:26
81.12985920906067,EWS,mico,2025-05-06 20:55:47
158.10566687583923,EWS,dblp,2025-05-06 20:58:25
106.73486113548279,EWS,twitter,2025-05-06 21:00:12
1904.7642295360565,EWS,patent,2025-05-06 21:31:56
96.81405854225159,EWS,youtube,2025-05-06 21:33:33
411.9279854297638,EWS,twitch,2025-05-07 15:11:41
58.78530764579773,EWS,mico,2025-05-07 15:12:39
100.68244123458862,EWS,dblp,2025-05-07 15:14:20
68.15017890930176,EWS,twitter,2025-05-07 15:15:28
911.513881444931,EWS,patent,2025-05-07 15:30:40
236.37493801116943,EWS,youtube,2025-05-07 15:34:36
64.0829381942749,RN,twitch,2025-05-07 16:00:29
346.4243121147156,RN,twitch,2025-05-07 16:06:54
345.9600841999054,RE,twitch,2025-05-07 16:12:40
7330.089390039444,CNARW,twitch,2025-05-07 18:14:50
420.0483560562134,FF,twitch,2025-05-07 18:21:50
379.0200505256653,SS,twitch,2025-05-07 18:28:09
57.088067054748535,RN,mico,2025-05-07 18:29:06
54.98805856704712,RE,mico,2025-05-07 18:30:01
181.95684099197388,CNARW,mico,2025-05-07 18:33:03
54.5915470123291,FF,mico,2025-05-07 18:33:58
79.42883944511414,SS,mico,2025-05-07 18:35:17
60.89257502555847,RN,dblp,2025-05-07 18:36:18
81.74594712257385,RE,dblp,2025-05-07 18:37:40
175.37516283988953,CNARW,dblp,2025-05-07 18:40:35
78.59294080734253,FF,dblp,2025-05-07 18:41:54
95.06941819190979,SS,dblp,2025-05-07 18:43:29
66.8801646232605,RN,twitter,2025-05-07 18:44:36
77.3902599811554,RE,twitter,2025-05-07 18:45:53
364.81742572784424,CNARW,twitter,2025-05-07 18:51:58
78.21378874778748,FF,twitter,2025-05-07 18:53:16
118.04744863510132,SS,twitter,2025-05-07 18:55:14
1432.0758736133575,RN,patent,2025-05-07 19:19:07
2746.7352755069733,RE,patent,2025-05-07 20:04:53
34.89170837402344,RN,youtube,2025-05-07 21:16:31
49.3423228263855,RE,youtube,2025-05-07 21:17:21
82.26353693008423,CNARW,youtube,2025-05-07 21:18:43
43.634156942367554,FF,youtube,2025-05-07 21:19:27
51.251686334609985,SS,youtube,2025-05-07 21:20:18
351.05733346939087,EWS,twitch,2025-05-08 11:58:02
52.474257707595825,EWS,mico,2025-05-08 11:58:54
83.41811108589172,EWS,dblp,2025-05-08 12:00:18
53.197970151901245,EWS,twitter,2025-05-08 12:01:11
921.1902568340302,EWS,patent,2025-05-08 12:16:32
50.69841289520264,EWS,youtube,2025-05-08 12:17:23
359.4738175868988,RE,twitch,2025-05-08 13:09:54
71.24711418151855,RE,mico,2025-05-08 13:11:05
100.88973665237427,RE,dblp,2025-05-08 13:12:46
99.49347162246704,RE,twitter,2025-05-08 13:14:26
77.50498294830322,RE,mico,2025-05-08 14:12:02
526.594889163971,RE,twitch,2025-05-08 14:20:49
89.67140984535217,RE,dblp,2025-05-08 14:22:19
91.68145895004272,RE,twitter,2025-05-08 14:23:50
2234.323662519455,RE,patent,2025-05-08 15:01:05
272.79193687438965,RE,youtube,2025-05-08 15:05:37
64.15936470031738,EWS,mico,2025-05-10 18:16:43
75.03397989273071,EWS,mico,2025-05-10 18:20:11
40.05604076385498,EWS,mico,2025-05-11 20:39:02
52.83541512489319,EWS,youtube,2025-05-11 20:45:50
52.228559732437134,EWS,youtube,2025-05-11 20:49:27
