2024-12-17 12:09:32,twitch,EWS,0
2024-12-17 12:11:26,twitch,EWS,0
2024-12-17 12:11:34,twitch,EWS,0
2024-12-17 12:15:54,twitch,EWS,0
2024-12-17 12:19:12,twitch,EWS,0
2024-12-17 12:22:18,twitch,EWS,0
2024-12-17 12:24:37,twitch,EWS,0
2024-12-17 12:26:06,twitch,EWS,0
2024-12-17 13:34:28,amazon,EWS,0
2024-12-17 13:38:23,patent_citations,EWS,0
2024-12-17 19:40:49,twitch,EWS,0
2024-12-17 19:41:20,twitch,EWS,0
2024-12-17 19:42:11,twitch,EWS,0
2024-12-17 19:43:29,twitch,EWS,0
2024-12-25 15:56:08,twitch,EWS,0
2024-12-25 17:03:22,amazon,EWS,0
2024-12-25 17:07:22,patent_citations,EWS,0
2024-12-26 12:24:48,twitch,EWS,0
2024-12-26 12:26:30,twitch,EWS,0
2024-12-26 12:30:25,twitter-labels-grami,EWS,0
2024-12-27 18:33:46,twitter-labels-grami,EWS,0
2024-12-30 12:32:48,twitter-labels-grami,EWS,0
2024-12-30 13:14:17,twitter-labels-grami,EWS,0
2024-12-30 13:15:00,twitter-labels-grami,EWS,0
2024-12-30 13:15:28,twitter-labels-grami,EWS,0
2024-12-30 13:25:11,twitter-labels-grami,EWS,0
2024-12-30 13:26:23,twitter-labels-grami,EWS,0
2024-12-30 14:37:10,twitter-labels-grami,EWS,0
2024-12-30 18:51:26,twitter-labels-grami,EWS,0
2024-12-30 19:34:22,twitter-labels-grami,EWS,0
2024-12-30 19:35:40,twitter-labels-grami,EWS,0
2024-12-31 11:55:40,twitter-labels-grami,EWS,0
2024-12-31 12:43:43,twitter-labels-grami,EWS,0
2024-12-31 17:28:23,twitter-labels-grami,EWS,0
2024-12-31 18:55:46,twitter-labels-grami,EWS,0
2025-01-02 21:35:26,twitter-labels-grami,EWS,0
2025-01-03 12:52:03,twitter-labels-grami,EWS,0
2025-01-03 12:52:29,twitter-labels-grami,EWS,0
2025-01-25 14:32:39,dblp,EWS,0
2025-01-25 15:00:36,dblp,EWS,0
2025-01-25 15:00:52,dblp,EWS,0
2025-01-25 15:01:32,dblp,EWS,0
2025-01-25 15:01:47,dblp,EWS,0
2025-01-25 15:02:13,dblp,EWS,0
2025-01-25 15:05:27,dblp,EWS,0
2025-01-25 15:14:57,dblp,EWS,0
2025-01-25 15:47:44,dblp,EWS,0
2025-01-25 15:50:22,dblp,EWS,0
2025-01-25 16:02:21,dblp,EWS,0
2025-01-25 16:02:30,dblp,EWS,0
2025-01-25 16:06:01,dblp,EWS,0
2025-01-25 16:07:35,dblp,EWS,0
2025-01-25 16:09:23,dblp,EWS,0
2025-01-25 16:12:59,dblp,EWS,0
2025-01-25 16:15:42,dblp,EWS,0
2025-01-25 16:18:01,dblp,EWS,0
2025-01-25 16:23:23,dblp,EWS,0
2025-01-25 16:23:31,dblp,EWS,0
2025-01-25 16:26:01,dblp,EWS,0
2025-01-25 16:29:53,dblp,EWS,0
2025-01-25 16:29:58,dblp,EWS,0
2025-01-25 16:34:19,dblp,EWS,0
2025-01-25 16:37:38,dblp,EWS,0
2025-01-25 16:41:26,dblp,EWS,0
2025-01-25 16:45:08,dblp,EWS,0
2025-01-25 16:47:47,dblp,EWS,0
2025-01-25 16:50:22,dblp,EWS,0
2025-01-25 16:50:44,dblp,EWS,0
2025-01-25 17:03:20,mico,EWS,0
2025-01-25 17:05:58,patent,EWS,0
2025-01-25 21:28:13,patent,EWS,0
2025-01-25 21:28:34,patent,EWS,0
2025-01-26 02:30:35,twitch,EWS,0
2025-02-01 14:06:04,twitch,EWS,0
2025-02-01 14:17:09,patent,EWS,0
2025-02-01 15:03:10,dblp,EWS,0
2025-02-01 15:54:27,twitch,EWS,0
2025-02-01 18:55:18,twitch,EWS,0
2025-02-01 19:10:27,twitch,EWS,0
2025-02-02 00:49:55,mico,EWS,0
2025-02-02 01:15:00,patent,EWS,0
2025-02-02 13:08:21,twitch,EWS,0
2025-02-02 20:29:53,dblp,EWS,0
2025-02-04 16:01:52,mico,EWS,0
2025-02-04 16:07:09,mico,EWS,0
2025-02-04 16:08:06,mico,EWS,0
2025-02-04 16:30:10,patent,EWS,0
2025-02-05 00:51:45,twitch,EWS,0
2025-02-05 03:21:23,dblp,EWS,0
2025-02-05 03:46:53,patent,EWS,0
2025-02-05 12:54:42,mico,EWS,0
2025-02-06 14:47:18,mico,EWS,0
2025-02-06 14:48:29,mico,EWS,0
2025-02-06 14:49:37,mico,EWS,0
2025-02-06 16:36:02,mico,EWS,0
2025-02-06 17:44:57,mico,EWS,0
2025-02-06 17:45:09,dblp,EWS,0
2025-02-06 18:26:46,dblp,EWS,0
2025-02-06 18:29:54,dblp,EWS,0
2025-02-06 18:38:41,patent,EWS,0
2025-02-07 13:02:54,dblp,EWS,0
2025-02-07 13:11:36,mico,EWS,0
2025-02-07 13:54:25,twitch,EWS,0
2025-02-07 13:55:09,twitch,EWS,0
2025-02-07 15:50:03,dblp,EWS,0
2025-02-07 15:50:13,dblp,EWS,0
2025-02-08 15:50:30,dblp,EWS,0
2025-02-08 15:59:35,twitch,EWS,0
2025-02-08 17:02:57,patent,EWS,0
2025-02-08 18:06:04,patent,EWS,0
2025-02-08 18:28:49,patent,EWS,0
2025-02-08 18:43:16,patent,EWS,0
2025-02-08 19:02:12,mico,EWS,0
2025-02-08 19:04:07,mico,EWS,0
2025-02-08 19:11:35,mico,EWS,0
2025-02-09 02:26:04,mico,EWS,0
2025-02-10 12:38:24,dblp,EWS,0
2025-02-10 12:45:55,twitch,EWS,0
2025-02-10 13:38:55,patent,EWS,0
2025-02-13 17:44:23,dblp,EWS,0
2025-02-13 17:45:02,dblp,EWS,0
2025-02-13 17:48:25,twitch,EWS,0
2025-02-13 18:08:28,patent,EWS,0
2025-02-13 19:01:49,mico,EWS,0
2025-02-14 00:22:14,dblp,RNE,0
2025-02-14 00:22:30,dblp,RN,0
2025-02-14 00:22:42,dblp,HNE,0
2025-02-14 00:23:01,dblp,RW,0
2025-02-14 00:23:16,dblp,FF,0
2025-02-14 00:23:32,dblp,SS,0
2025-02-14 00:23:49,dblp,CNARW,0
2025-02-14 00:24:24,twitch,RNE,0
2025-02-14 00:25:45,twitch,RN,0
2025-02-14 00:26:41,twitch,HNE,0
2025-02-14 00:28:16,twitch,RW,0
2025-02-14 00:29:30,twitch,FF,0
2025-02-14 00:30:51,twitch,SS,0
2025-02-14 00:32:31,twitch,CNARW,0
2025-02-14 00:56:22,patent,RNE,0
2025-02-14 01:01:32,patent,RN,0
2025-02-14 01:04:38,patent,HNE,0
2025-02-14 01:10:30,patent,RW,0
2025-02-14 01:14:34,patent,FF,0
2025-02-14 01:18:30,patent,SS,0
2025-02-14 01:23:28,patent,CNARW,0
2025-02-14 01:30:31,mico,RNE,0
2025-02-14 01:30:44,mico,RN,0
2025-02-14 01:31:01,mico,HNE,0
2025-02-14 01:31:18,mico,RW,0
2025-02-14 01:31:30,mico,FF,0
2025-02-14 01:31:40,mico,SS,0
2025-02-14 01:31:53,mico,CNARW,0
2025-02-14 15:05:20,dblp,RNE,0
2025-02-14 15:05:38,dblp,RN,0
2025-02-14 15:05:51,dblp,HNE,0
2025-02-14 15:06:12,dblp,RW,0
2025-02-14 15:06:27,dblp,FF,0
2025-02-14 15:06:43,dblp,SS,0
2025-02-14 15:07:01,dblp,CNARW,0
2025-02-14 15:07:36,twitch,RNE,0
2025-02-14 15:08:55,twitch,RN,0
2025-02-14 15:09:44,twitch,HNE,0
2025-02-14 15:11:24,twitch,RW,0
2025-02-14 15:12:42,twitch,FF,0
2025-02-14 15:14:05,twitch,SS,0
2025-02-14 15:15:45,twitch,CNARW,0
2025-02-14 15:42:47,patent,RNE,0
2025-02-14 15:47:30,patent,RN,0
2025-02-14 15:50:29,patent,HNE,0
2025-02-14 15:58:18,patent,RW,0
2025-02-14 16:55:17,twitter,EWS,0
2025-02-14 17:02:37,twitter,EWS,0
2025-02-14 17:53:42,twitter,RN,0
2025-02-14 17:53:51,twitter,RE,0
2025-02-14 17:54:05,twitter,CNARW,0
2025-02-14 17:55:11,twitter,FF,0
2025-02-14 17:55:25,twitter,SS,0
2025-02-14 17:55:42,twitter,EWS,0
2025-02-14 18:01:03,twitter,HNE,0
2025-02-14 18:01:57,twitter,RNE,0
2025-02-14 18:03:23,dblp,RE,0
2025-02-14 18:03:41,twitch,RE,0
2025-02-14 18:04:53,patent,RE,0
2025-02-14 18:09:56,mico,RE,0
2025-02-14 19:00:35,twitter,RW,0
2025-02-15 00:22:37,twitter,EWS,0
2025-02-15 00:23:47,twitter,EWS,0
2025-02-15 00:42:01,twitter,EWS,0
2025-02-15 00:42:38,twitter,EWS,0
2025-02-15 00:47:08,twitter,EWS,0
2025-02-15 01:15:04,twitter,EWS,0
2025-02-15 01:15:45,twitter,EWS,0
2025-02-15 01:25:31,twitter,EWS,0
2025-02-15 01:32:40,twitter,EWS,0
2025-02-15 01:33:06,twitter,EWS,0
2025-02-15 01:36:34,twitter,EWS,0
2025-02-15 01:38:06,twitter,EWS,0
2025-02-15 01:40:59,twitter,EWS,0
2025-02-15 01:42:05,twitter,EWS,0
2025-02-15 01:43:08,twitter,EWS,0
2025-02-15 01:44:14,twitter,EWS,0
2025-02-15 01:46:04,twitter,EWS,0
2025-02-15 01:46:12,twitter,EWS,0
2025-02-15 01:49:43,twitter,EWS,0
2025-02-15 01:51:29,twitter,EWS,0
2025-02-15 01:54:10,twitter,EWS,0
2025-02-15 01:55:27,twitter,EWS,0
2025-02-15 01:57:25,twitter,EWS,0
2025-02-15 02:02:08,twitter,EWS,0
2025-02-15 02:03:34,twitter,EWS,0
2025-02-15 02:05:37,twitter,EWS,0
2025-02-15 02:06:26,twitter,EWS,0
2025-02-15 02:06:55,twitter,EWS,0
2025-02-15 02:08:33,twitter,EWS,0
2025-02-15 02:11:25,twitter,EWS,0
2025-02-15 02:13:16,twitter,EWS,0
2025-02-15 02:16:51,twitter,EWS,0
2025-02-15 02:19:26,twitter,EWS,0
2025-02-15 02:26:08,twitter,EWS,0
2025-02-15 02:31:41,twitter,EWS,0
2025-02-15 02:31:59,twitter,EWS,0
2025-02-15 02:33:11,twitter,EWS,0
2025-02-15 02:35:21,twitter,EWS,0
2025-02-15 02:36:47,twitter,EWS,0
2025-02-15 02:38:47,twitter,EWS,0
2025-02-15 02:40:52,twitter,EWS,0
2025-02-15 02:42:39,twitter,EWS,0
2025-02-15 02:45:11,twitter,EWS,0
2025-02-15 02:48:31,twitter,EWS,0
2025-02-15 02:57:38,twitter,EWS,0
2025-02-15 03:23:16,twitter,EWS,0
2025-02-15 03:23:28,twitter,EWS,0
2025-02-15 03:27:16,twitter,EWS,0
2025-02-15 03:29:54,twitter,EWS,0
2025-02-15 03:30:10,twitter,EWS,0
2025-02-15 15:15:22,twitter,EWS,0
2025-02-15 15:16:50,twitter,EWS,0
2025-02-15 15:18:14,twitter,EWS,0
2025-02-15 15:20:44,twitter,EWS,0
2025-02-15 15:22:06,twitter,EWS,0
2025-02-15 16:02:11,twitter,EWS,0
2025-02-15 16:38:01,twitter,EWS,0
2025-02-15 16:40:07,twitter,EWS,0
2025-02-15 16:43:25,twitter,EWS,0
2025-02-15 16:48:16,twitter,EWS,0
2025-02-15 16:53:18,twitter,EWS,0
2025-02-15 16:53:29,twitter,EWS,0
2025-02-15 16:53:49,twitter,EWS,0
2025-02-15 17:12:29,twitter,EWS,0
2025-02-15 17:51:30,twitter,EWS,0
2025-02-15 17:57:18,twitter,EWS,0
2025-02-15 18:15:13,twitter,EWS,0
2025-02-15 18:22:37,twitter,EWS,0
2025-02-15 18:22:48,twitter,EWS,0
2025-02-15 18:29:09,twitter,EWS,0
2025-02-15 18:33:39,twitter,EWS,0
2025-02-15 18:36:15,twitter,EWS,0
2025-02-15 19:11:16,twitter,EWS,0
2025-02-15 19:39:02,twitter,EWS,0
2025-02-15 19:44:38,twitter,RE,0
2025-02-17 19:57:33,mico,EWS,0
2025-02-17 19:57:41,mico,EWS,0
2025-02-17 19:59:17,mico,EWS,0
2025-02-17 20:00:22,mico,EWS,0
2025-02-17 20:01:30,mico,EWS,0
2025-02-17 20:19:14,twitter,EWS,0
2025-02-17 20:27:36,twitter,EWS,0
2025-02-17 20:43:27,twitter,EWS,0
2025-02-17 20:47:32,twitter,EWS,0
2025-02-17 21:03:40,twitter,EWS,0
2025-02-17 21:03:56,twitter,EWS,0
2025-02-17 21:56:52,twitter,EWS,0
2025-02-17 22:15:02,twitter,EWS,0
2025-02-17 22:44:27,twitter,EWS,0
2025-02-17 22:50:06,twitter,EWS,0
2025-02-19 18:50:01,twitter,EWS,0
2025-02-19 19:02:02,twitter,EWS,0
2025-02-19 19:12:53,twitter,EWS,0
2025-02-19 19:18:20,twitter,EWS,0
2025-02-19 19:35:30,twitter,EWS,0
2025-02-19 20:45:12,twitter,EWS,0
2025-02-19 21:17:36,twitter,EWS,0
2025-02-19 21:43:43,twitter,EWS,0
2025-02-20 13:43:06,twitter,EWS,0
2025-02-20 13:43:26,twitter,EWS,0
2025-02-20 14:32:29,twitter,EWS,0
2025-02-20 15:48:18,twitter,EWS,0
2025-02-20 16:30:41,twitter,EWS,0
2025-02-20 16:37:46,twitter,EWS,0
2025-02-20 16:40:22,twitter,EWS,0
2025-02-20 16:54:10,twitter,EWS,0
2025-02-20 16:56:18,twitter,EWS,0
2025-02-20 17:01:35,twitter,EWS,0
2025-02-20 17:03:34,twitter,EWS,0
2025-02-20 17:12:22,twitter,EWS,0
2025-02-20 17:13:08,twitter,EWS,0
2025-02-20 17:19:04,twitter,EWS,0
2025-02-20 17:21:05,twitter,EWS,0
2025-02-20 18:14:31,test,EWS,0
2025-02-20 18:15:25,test,EWS,0
2025-02-20 18:17:21,test,EWS,0
2025-02-20 18:18:55,test,EWS,0
2025-02-20 18:19:08,test,EWS,0
2025-02-20 18:19:54,test,EWS,0
2025-02-20 18:20:26,test,EWS,0
2025-02-20 18:20:50,test,EWS,0
2025-02-20 18:26:48,test,EWS,0
2025-02-20 18:27:38,test,EWS,0
2025-02-20 18:28:15,test,EWS,0
2025-02-20 18:30:09,test,EWS,0
2025-02-20 18:30:52,test,EWS,0
2025-02-20 18:32:33,test,EWS,0
2025-02-20 18:35:33,test,EWS,0
2025-02-20 18:36:22,test,EWS,0
2025-02-20 18:36:36,test,EWS,0
2025-02-20 18:37:08,test,EWS,0
2025-02-20 18:37:39,test,EWS,0
2025-02-20 18:38:01,test,EWS,0
2025-02-20 18:38:15,test,EWS,0
2025-02-20 18:38:37,test,EWS,0
2025-02-20 18:39:08,test,EWS,0
2025-02-20 18:40:12,test,EWS,0
2025-02-20 18:46:02,twitter,EWS,0
2025-02-20 18:46:33,twitter,EWS,0
2025-02-20 18:54:23,twitter,EWS,0
2025-02-20 19:09:49,mico,EWS,0
2025-02-20 19:15:12,mico,EWS,0
2025-02-20 19:23:32,mico,EWS,0
2025-02-20 19:52:17,mico,EWS,0
2025-02-20 20:04:05,mico,EWS,0
2025-02-20 20:29:50,mico,EWS,0
2025-02-20 20:38:48,mico,EWS,0
2025-02-20 20:43:48,mico,EWS,0
2025-02-20 20:48:56,mico,EWS,0
2025-02-20 20:54:02,mico,EWS,0
2025-02-20 20:58:15,mico,EWS,0
2025-02-20 22:07:45,mico,EWS,0
2025-02-20 22:22:11,mico,EWS,0
2025-02-20 22:35:42,mico,EWS,0
2025-02-20 22:40:05,mico,EWS,0
2025-02-20 22:59:03,mico,EWS,0
2025-02-20 23:03:14,mico,EWS,0
2025-02-20 23:36:37,mico,EWS,0
2025-02-20 23:54:37,mico,EWS,0
2025-02-20 23:59:19,mico,EWS,0
2025-02-21 00:06:44,mico,EWS,0
2025-02-21 00:09:12,mico,EWS,0
2025-02-21 00:11:43,mico,EWS,0
2025-02-21 12:39:03,mico,EWS,0
2025-02-21 12:40:12,mico,EWS,0
2025-02-21 12:42:12,mico,EWS,0
2025-02-21 12:47:42,mico,EWS,0
2025-02-21 12:50:31,mico,EWS,0
2025-02-21 12:51:26,mico,EWS,0
2025-02-21 12:51:34,mico,EWS,0
2025-02-21 12:56:36,mico,EWS,0
2025-02-21 12:57:29,mico,EWS,0
2025-02-21 12:58:45,mico,EWS,0
2025-02-21 12:59:40,mico,EWS,0
2025-02-21 13:00:24,mico,EWS,0
2025-02-21 13:04:13,mico,EWS,0
2025-02-21 13:06:05,mico,EWS,0
2025-02-21 13:07:38,mico,EWS,0
2025-02-21 13:10:34,mico,EWS,0
2025-02-21 13:18:50,mico,EWS,0
2025-02-21 13:24:06,mico,EWS,0
2025-02-21 13:26:34,mico,EWS,0
2025-02-21 13:32:12,mico,EWS,0
2025-02-21 13:34:11,mico,EWS,0
2025-02-21 13:35:07,mico,EWS,0
2025-02-21 13:44:16,mico,EWS,0
2025-02-21 13:47:18,mico,EWS,0
2025-02-21 13:51:05,mico,EWS,0
2025-02-21 13:57:59,mico,EWS,0
2025-02-21 14:09:46,mico,EWS,0
2025-02-21 14:12:05,mico,EWS,0
2025-02-21 14:12:44,mico,EWS,0
2025-02-21 14:12:53,mico,EWS,0
2025-02-21 14:36:48,mico,EWS,0
2025-02-21 14:41:11,mico,EWS,0
2025-02-21 14:43:50,mico,EWS,0
2025-02-21 14:44:03,mico,EWS,0
2025-02-21 14:47:33,mico,EWS,0
2025-02-21 14:49:25,mico,EWS,0
2025-02-21 15:02:03,mico,EWS,0
2025-02-21 15:07:53,mico,EWS,0
2025-02-21 15:08:34,mico,EWS,0
2025-02-21 15:15:48,mico,EWS,0
2025-02-21 15:19:59,mico,EWS,0
2025-02-21 15:24:48,mico,EWS,0
2025-02-21 15:26:41,mico,EWS,0
2025-02-21 15:41:00,mico,EWS,0
2025-02-21 15:41:43,mico,EWS,0
2025-02-21 15:44:09,mico,EWS,0
2025-02-21 15:48:05,mico,EWS,0
2025-02-21 15:50:55,mico,EWS,0
2025-02-21 15:51:08,mico,EWS,0
2025-02-21 16:06:02,mico,EWS,0
2025-02-21 16:19:36,mico,EWS,0
2025-02-21 16:25:01,mico,EWS,0
2025-02-21 16:33:45,mico,EWS,0
2025-02-21 16:47:38,mico,EWS,0
2025-02-21 17:01:34,mico,EWS,0
2025-02-21 20:45:17,mico,EWS,0
2025-02-21 21:06:02,mico,EWS,0
2025-02-21 21:17:14,mico,EWS,0
2025-02-21 21:31:23,mico,EWS,0
2025-02-21 21:32:01,twitter,EWS,0
2025-02-21 22:15:33,dblp,EWS,0
2025-02-21 22:15:57,dblp,EWS,0
2025-02-21 22:18:55,dblp,EWS,0
2025-02-21 22:52:53,mico,EWS,0
2025-02-21 22:53:47,mico,EWS,0
2025-02-21 22:54:54,mico,EWS,0
2025-02-21 22:55:31,mico,EWS,0
2025-02-21 22:58:00,mico,EWS,0
2025-02-21 23:00:17,mico,EWS,0
2025-02-21 23:28:40,twitter,EWS,0
2025-02-21 23:37:27,twitter,EWS,0
2025-02-21 23:49:24,twitter,EWS,0
2025-02-22 13:22:09,mico,EWS,0
2025-02-22 14:09:24,mico,EWS,0
2025-02-22 14:16:05,mico,EWS,0
2025-02-22 18:01:42,mico,EWS,0
2025-02-22 18:08:55,mico,EWS,0
2025-02-22 18:21:53,twitter,EWS,0
2025-02-22 18:28:16,twitter,EWS,0
2025-02-22 19:02:34,mico,EWS,0
2025-02-22 19:02:48,mico,EWS,0
2025-02-22 19:06:59,mico,EWS,0
2025-02-22 19:09:47,mico,EWS,0
2025-02-22 19:16:21,mico,EWS,0
2025-02-22 19:30:21,mico,EWS,0
2025-02-22 19:32:19,mico,EWS,0
2025-02-22 19:36:26,mico,EWS,0
2025-02-22 19:40:24,mico,EWS,0
2025-02-22 19:40:33,mico,EWS,0
2025-02-22 19:42:54,mico,EWS,0
2025-02-22 19:43:22,mico,EWS,0
2025-02-22 19:44:56,mico,EWS,0
2025-02-22 19:45:25,mico,EWS,0
2025-02-22 19:46:09,mico,EWS,0
2025-02-22 19:51:38,mico,EWS,0
2025-02-22 19:52:49,mico,EWS,0
2025-02-22 19:53:50,mico,EWS,0
2025-02-22 19:55:10,mico,EWS,0
2025-02-22 19:56:25,mico,EWS,0
2025-02-22 19:56:54,mico,EWS,0
2025-02-22 19:57:47,mico,EWS,0
2025-02-22 20:00:12,mico,EWS,0
2025-02-22 20:01:09,mico,EWS,0
2025-02-22 20:01:39,mico,EWS,0
2025-02-22 20:04:35,mico,EWS,0
2025-02-22 20:05:32,mico,EWS,0
2025-02-22 20:11:57,mico,EWS,0
2025-02-22 20:12:54,mico,EWS,0
2025-02-22 20:14:09,mico,EWS,0
2025-02-22 20:21:35,mico,EWS,0
2025-02-22 20:25:06,mico,EWS,0
2025-02-22 20:29:43,mico,EWS,0
2025-02-22 20:39:24,mico,EWS,0
2025-02-22 20:48:32,mico,EWS,0
2025-02-22 20:57:26,mico,EWS,0
2025-02-22 21:07:15,twitter,EWS,0
2025-02-22 21:20:49,twitter,EWS,0
2025-02-23 12:27:56,dblp,EWS,0
2025-02-23 12:35:38,mico,EWS,0
2025-02-23 12:35:52,mico,EWS,0
2025-02-23 12:36:35,twitter,EWS,0
2025-02-23 12:53:30,mico,EWS,0
2025-02-23 12:54:55,mico,EWS,0
2025-02-23 12:56:45,twitter,EWS,0
2025-02-23 12:59:04,dblp,EWS,0
2025-02-23 13:08:28,mico,EWS,0
2025-02-23 13:09:10,twitter,EWS,0
2025-02-23 13:10:03,dblp,EWS,0
2025-02-23 13:37:40,mico,EWS,0
2025-02-23 13:38:22,twitter,EWS,0
2025-02-23 13:40:07,mico,EWS,0
2025-02-23 13:42:14,twitter,EWS,0
2025-02-23 13:52:51,mico,EWS,0
2025-02-23 13:53:03,mico,EWS,0
2025-02-23 13:53:39,twitter,EWS,0
2025-02-23 13:54:54,dblp,EWS,0
2025-02-23 14:18:08,dblp,EWS,0
2025-02-23 14:36:19,dblp,RN,0
2025-02-23 16:26:39,dblp,RN,0
2025-02-23 16:27:22,dblp,RN,0
2025-02-23 16:27:35,dblp,RE,0
2025-02-23 16:27:55,dblp,CNARW,0
2025-02-23 16:28:34,dblp,FF,0
2025-02-23 16:30:05,dblp,RN,0
2025-02-23 16:30:17,dblp,RE,0
2025-02-23 16:30:36,dblp,CNARW,0
2025-02-23 16:31:16,dblp,FF,0
2025-02-23 16:32:58,dblp,RN,0
2025-02-23 16:33:09,dblp,RE,0
2025-02-23 16:33:29,dblp,CNARW,0
2025-02-23 16:34:08,dblp,FF,0
2025-02-23 16:34:26,dblp,SS,0
2025-02-23 16:34:44,patent,RN,0
2025-02-23 16:38:02,patent,RE,0
2025-02-23 16:42:39,dblp,RN,0
2025-02-23 16:42:53,dblp,RN,0
2025-02-23 16:43:03,dblp,RE,0
2025-02-23 16:43:22,dblp,CNARW,0
2025-02-23 16:44:00,dblp,FF,0
2025-02-23 16:44:17,dblp,SS,0
2025-02-23 16:44:35,twitter,RN,0
2025-02-23 16:44:45,twitter,RE,0
2025-02-23 16:45:01,twitter,CNARW,0
2025-02-23 16:46:14,twitter,FF,0
2025-02-23 16:46:30,twitter,SS,0
2025-02-23 16:46:51,mico,RN,0
2025-02-23 16:47:01,mico,RE,0
2025-02-23 16:47:15,mico,CNARW,0
2025-02-23 16:47:55,mico,FF,0
2025-02-23 16:48:08,mico,SS,0
2025-02-23 16:50:41,dblp,RN,0
2025-02-23 16:50:54,dblp,RE,0
2025-02-23 16:51:16,dblp,CNARW,0
2025-02-23 16:51:58,dblp,FF,0
2025-02-23 16:52:16,dblp,SS,0
2025-02-23 16:52:36,twitter,RN,0
2025-02-23 16:52:50,twitter,RE,0
2025-02-23 16:53:11,twitter,CNARW,0
2025-02-23 16:54:31,twitter,FF,0
2025-02-23 16:54:47,twitter,SS,0
2025-02-23 16:55:10,mico,RN,0
2025-02-23 16:55:21,mico,RE,0
2025-02-23 16:55:38,mico,CNARW,0
2025-02-23 16:56:24,mico,FF,0
2025-02-23 16:56:35,mico,SS,0
2025-02-23 17:11:41,twitter,EWS,0
2025-02-23 18:23:49,twitter,EWS,0
2025-02-23 18:34:26,twitter,EWS,0
2025-02-23 18:34:38,twitter,EWS,0
2025-02-23 18:36:47,twitter,EWS,0
2025-02-23 19:15:10,twitter,EWS,0
2025-02-23 19:17:52,twitter,EWS,0
2025-02-23 19:18:16,twitter,EWS,0
2025-02-23 19:19:25,twitter,EWS,0
2025-02-23 19:27:42,twitter,EWS,0
2025-02-23 19:44:38,twitter,EWS,0
2025-02-23 19:47:09,mico,EWS,0
2025-02-23 20:19:04,mico,EWS,0
2025-02-23 20:55:44,mico,EWS,0
2025-02-23 20:57:31,mico,EWS,0
2025-02-23 20:57:41,mico,EWS,0
2025-02-23 21:01:09,mico,EWS,0
2025-02-23 21:03:45,mico,EWS,0
2025-02-23 21:05:31,mico,EWS,0
2025-02-23 21:07:31,mico,EWS,0
2025-02-23 21:12:59,mico,EWS,0
2025-02-24 09:58:36,mico,EWS,0
2025-02-24 10:08:43,mico,EWS,0
2025-02-24 10:24:05,dblp,EWS,0
2025-02-24 10:29:12,dblp,EWS,0
2025-02-24 10:40:39,mico,EWS,0
2025-02-24 10:40:46,mico,EWS,0
2025-02-24 10:52:01,mico,EWS,0
2025-02-24 10:55:03,mico,EWS,0
2025-02-24 10:58:08,mico,EWS,0
2025-02-24 10:59:39,mico,EWS,0
2025-02-24 11:16:20,twitter,EWS,0
2025-02-24 11:20:08,twitter,EWS,0
2025-02-24 11:37:30,twitter,EWS,0
2025-02-24 11:40:42,twitter,EWS,0
2025-02-24 11:41:03,twitter,EWS,0
2025-02-24 11:43:25,twitter,EWS,0
2025-02-24 11:43:37,twitter,EWS,0
2025-02-24 12:05:56,twitter,EWS,0
2025-02-24 12:13:33,twitter,EWS,0
2025-02-24 12:16:33,twitter,EWS,0
2025-02-24 12:17:05,twitter,EWS,0
2025-02-24 12:17:36,twitter,EWS,0
2025-02-24 12:21:54,twitter,EWS,0
2025-02-24 12:35:00,twitter,EWS,0
2025-02-24 12:38:54,twitter,EWS,0
2025-02-24 12:48:40,twitter,EWS,0
2025-02-24 13:42:50,twitter,EWS,0
2025-02-24 13:50:47,twitter,EWS,0
2025-02-24 13:54:25,twitter,EWS,0
2025-02-24 14:30:58,twitter,EWS,0
2025-02-24 15:06:06,twitter,EWS,0
2025-02-24 15:06:14,twitter,EWS,0
2025-02-24 15:09:28,twitter,EWS,0
2025-02-24 15:18:35,twitter,EWS,0
2025-02-24 15:23:38,twitter,EWS,0
2025-02-24 15:29:12,twitter,EWS,0
2025-02-24 15:33:31,twitter,EWS,0
2025-02-24 15:38:56,twitter,EWS,0
2025-02-24 15:44:40,twitter,EWS,0
2025-02-24 15:57:32,twitter,EWS,0
2025-02-24 15:59:40,twitter,EWS,0
2025-02-24 16:07:41,twitter,EWS,0
2025-02-24 20:57:45,twitch,EWS,0
2025-02-24 20:59:59,twitch,EWS,0
2025-02-24 21:01:22,twitch,EWS,0
2025-02-24 21:02:51,twitch,EWS,0
2025-02-24 22:43:52,twitch,EWS,0
2025-02-25 11:03:58,twitch,EWS,0
2025-02-25 12:27:51,mico,RE,0
2025-02-25 12:30:59,mico,RE,0
2025-02-25 12:32:14,mico,RN,0
2025-02-25 12:33:03,mico,CNARW,0
2025-02-25 12:36:16,mico,FF,0
2025-02-25 12:37:14,mico,SS,0
2025-02-25 12:38:29,twitch,RE,0
2025-02-25 12:45:41,twitch,RN,0
2025-02-25 12:49:55,twitch,CNARW,0
2025-02-25 15:23:02,twitch,FF,0
2025-02-25 15:31:17,twitch,SS,0
2025-02-25 15:40:31,dblp,RE,0
2025-02-25 15:42:20,dblp,RN,0
2025-02-25 15:43:23,dblp,CNARW,0
2025-02-25 15:46:54,dblp,FF,0
2025-02-25 15:48:30,dblp,SS,0
2025-02-25 15:50:14,twitter,RE,0
2025-02-25 15:51:42,twitter,RN,0
2025-02-25 15:52:38,twitter,CNARW,0
2025-02-25 15:59:14,twitter,FF,0
2025-02-25 16:00:39,twitter,SS,0
2025-02-25 16:02:28,patent,RE,0
2025-02-25 16:35:39,patent,RN,0
2025-02-25 16:54:58,patent,CNARW,0
2025-02-25 17:35:56,patent,FF,0
2025-02-25 17:59:39,patent,SS,0
2025-02-25 19:42:16,mico,RE,0
2025-02-26 10:14:18,patent,EWS,0
2025-02-27 13:00:54,patent,EWS,0
2025-02-27 14:15:48,twitch,EWS,0
2025-02-27 15:21:53,twitter,EWS,0
2025-03-02 18:22:44,twitter,EWS,0
2025-03-02 18:27:00,twitter,EWS,0
2025-03-02 18:34:24,twitter,EWS,0
2025-03-02 21:58:52,mico,EWS,0
2025-03-02 22:02:56,mico,EWS,0
2025-03-03 13:44:04,mico,EWS,0
2025-03-03 13:45:03,mico,EWS,0
2025-03-03 13:46:02,mico,EWS,0
2025-03-03 14:14:05,mico,EWS,0
2025-03-03 14:28:34,mico,EWS,0
2025-03-03 19:38:18,dblp,EWS,0
2025-03-03 19:46:23,dblp,EWS,0
2025-03-03 19:49:18,dblp,EWS,0
2025-03-03 21:01:33,dblp,EWS,0
2025-03-03 21:07:55,twitch,EWS,0
2025-03-03 21:57:15,twitter,EWS,0
2025-03-04 11:15:21,patent,EWS,0
2025-03-04 12:07:54,twitter,EWS,0
2025-03-04 20:44:33,dblp,EWS,0
2025-03-04 21:07:01,dblp,EWS,0
2025-03-04 21:18:02,twitter,EWS,0
2025-03-05 12:16:58,twitter,EWS,0
2025-03-05 12:28:57,twitter,EWS,0
2025-03-05 12:36:38,twitter,EWS,0
2025-03-05 13:48:35,dblp,EWS,0
2025-03-05 14:16:28,twitter,EWS,0
2025-03-05 15:21:37,twitter,EWS,0
2025-03-05 16:13:45,twitter,EWS,0
2025-03-05 16:20:16,twitter,EWS,0
2025-03-05 16:23:21,twitter,EWS,0
2025-03-05 16:23:27,twitter,EWS,0
2025-03-05 16:27:33,twitter,EWS,0
2025-03-05 16:28:21,twitter,EWS,0
2025-03-05 16:29:51,twitter,EWS,0
2025-03-05 16:33:06,twitter,EWS,0
2025-03-05 16:39:07,twitter,EWS,0
2025-03-05 16:39:15,twitter,EWS,0
2025-03-05 16:42:02,twitter,EWS,0
2025-03-05 16:42:11,twitter,EWS,0
2025-03-05 16:45:38,twitter,EWS,0
2025-03-05 16:45:44,twitter,EWS,0
2025-03-05 16:57:40,twitter,EWS,0
2025-03-05 16:58:04,twitter,EWS,0
2025-03-05 17:12:27,twitter,EWS,0
2025-03-05 18:19:44,twitter,EWS,0
2025-03-05 19:13:12,dblp,EWS,0
2025-03-05 19:13:30,dblp,EWS,0
2025-03-05 19:17:17,dblp,EWS,0
2025-03-05 19:29:20,dblp,EWS,0
2025-03-05 19:42:27,dblp,EWS,0
2025-03-05 19:57:49,dblp,EWS,0
2025-03-05 20:00:08,dblp,EWS,0
2025-03-05 20:06:05,dblp,CNARW,0
2025-03-05 20:06:17,dblp,CNARW,0
2025-03-05 20:15:52,dblp,EWS,0
2025-03-05 20:21:58,dblp,EWS,0
2025-03-05 20:29:13,dblp,EWS,0
2025-03-05 20:39:05,twitter,EWS,0
2025-03-05 21:22:16,twitter,EWS,0
2025-03-05 21:22:41,twitter,EWS,0
2025-03-05 21:43:15,twitter,EWS,0
2025-03-05 21:45:57,twitter,EWS,0
2025-03-05 21:47:22,dblp,EWS,0
2025-03-05 22:10:59,dblp,EWS,0
2025-03-05 22:18:06,twitter,EWS,0
2025-03-06 19:36:04,dblp,EWS,0
2025-03-06 19:54:25,dblp,EWS,0
2025-03-06 19:56:31,dblp,EWS,0
2025-03-06 20:01:36,dblp,EWS,0
2025-03-06 20:36:00,dblp,EWS,0
2025-03-06 20:54:00,dblp,EWS,0
2025-03-06 20:55:43,dblp,EWS,0
2025-03-06 21:05:10,dblp,EWS,0
2025-03-07 12:17:12,twitter,EWS,0
2025-03-07 13:06:52,twitter,RE,0
2025-03-07 13:23:47,twitter,EWS,0
2025-03-07 13:38:39,twitter,EWS,0
2025-03-07 13:50:13,twitter,EWS,0
2025-03-07 14:15:04,twitter,EWS,0
2025-03-07 14:19:49,twitter,EWS,0
2025-03-07 14:26:28,twitter,EWS,0
2025-03-07 14:28:58,twitter,EWS,0
2025-03-07 14:33:15,dblp,EWS,0
2025-03-07 14:44:53,dblp,EWS,0
2025-03-07 15:06:47,dblp,EWS,0
2025-03-07 15:12:33,dblp,EWS,0
2025-03-07 15:14:41,dblp,EWS,0
2025-03-07 15:20:04,dblp,EWS,0
2025-03-07 15:26:51,dblp,EWS,0
2025-03-07 15:34:58,dblp,EWS,0
2025-03-07 15:37:56,dblp,EWS,0
2025-03-07 15:41:40,dblp,EWS,0
2025-03-07 15:46:53,dblp,EWS,0
2025-03-07 15:50:08,dblp,EWS,0
2025-03-07 15:52:13,dblp,EWS,0
2025-03-07 15:54:09,dblp,EWS,0
2025-03-07 15:55:33,dblp,EWS,0
2025-03-07 15:58:54,dblp,EWS,0
2025-03-07 15:59:23,dblp,EWS,0
2025-03-07 16:00:27,dblp,EWS,0
2025-03-07 16:03:04,dblp,EWS,0
2025-03-07 16:04:34,dblp,EWS,0
2025-03-07 16:06:05,dblp,EWS,0
2025-03-07 16:09:37,dblp,EWS,0
2025-03-07 16:11:18,dblp,EWS,0
2025-03-07 16:12:35,dblp,EWS,0
2025-03-07 16:14:46,dblp,EWS,0
2025-03-07 16:17:33,twitter,EWS,0
2025-03-07 16:32:43,dblp,EWS,0
2025-03-07 16:34:35,dblp,EWS,0
2025-03-07 16:38:55,dblp,EWS,0
2025-03-07 16:42:48,dblp,EWS,0
2025-03-07 16:48:28,patent,EWS,0
2025-03-07 17:05:00,patent,EWS,0
2025-03-07 17:06:07,dblp,EWS,0
2025-03-07 17:08:57,dblp,EWS,0
2025-03-07 17:11:10,dblp,EWS,0
2025-03-07 17:12:57,dblp,EWS,0
2025-03-07 20:00:03,dblp,EWS,0
2025-03-07 20:03:24,dblp,EWS,0
2025-03-07 20:10:31,dblp,EWS,0
2025-03-07 20:12:06,dblp,EWS,0
2025-03-07 20:33:20,dblp,EWS,0
2025-03-09 13:19:17,dblp,EWS,0
2025-03-09 13:22:49,mico,EWS,0
2025-03-09 13:43:25,dblp,EWS,0
2025-03-09 13:47:33,dblp,EWS,0
2025-03-09 14:03:14,dblp,EWS,0
2025-03-09 14:05:33,dblp,EWS,0
2025-03-09 14:06:12,dblp,EWS,0
2025-03-09 14:06:45,dblp,EWS,0
2025-03-09 14:08:55,dblp,EWS,0
2025-03-09 14:13:35,dblp,EWS,0
2025-03-09 14:15:49,dblp,EWS,0
2025-03-09 14:18:47,dblp,EWS,0
2025-03-09 14:21:48,dblp,EWS,0
2025-03-09 14:22:36,dblp,EWS,0
2025-03-09 14:25:54,dblp,EWS,0
2025-03-09 14:29:16,dblp,EWS,0
2025-03-09 14:32:25,dblp,EWS,0
2025-03-09 14:37:14,dblp,EWS,0
2025-03-09 14:37:34,dblp,EWS,0
2025-03-09 14:41:04,dblp,EWS,0
2025-03-09 14:42:15,dblp,EWS,0
2025-03-09 14:43:43,dblp,EWS,0
2025-03-09 14:49:05,dblp,EWS,0
2025-03-09 15:05:23,dblp,EWS,0
2025-03-09 15:09:47,dblp,EWS,0
2025-03-09 15:10:05,dblp,EWS,0
2025-03-09 15:12:06,dblp,EWS,0
2025-03-09 15:17:13,dblp,CNARW,0
2025-03-09 15:32:40,dblp,EWS,0
2025-03-09 16:23:05,dblp,EWS,0
2025-03-09 16:42:25,dblp,RNE,0
2025-03-09 16:55:44,dblp,RW,0
2025-03-09 16:56:58,dblp,HNE,0
2025-03-10 12:48:04,dblp,CNARW,0
2025-03-10 12:54:02,dblp,FF,0
2025-03-10 12:55:24,dblp,RW,0
2025-03-10 12:56:40,dblp,HNE,0
2025-03-10 13:36:20,dblp,EWS,0
2025-03-10 13:36:54,dblp,EWS,0
2025-03-10 13:42:48,dblp,EWS,0
2025-03-10 13:43:35,dblp,EWS,0
2025-03-10 13:46:15,dblp,EWS,0
2025-03-10 13:47:09,dblp,EWS,0
2025-03-10 13:49:04,dblp,EWS,0
2025-03-10 15:23:42,twitter,EWS,0
2025-03-10 15:23:51,twitter,EWS,0
2025-03-10 15:37:44,twitter,EWS,0
2025-03-10 15:39:25,twitter,EWS,0
2025-03-10 15:46:51,twitter,EWS,0
2025-03-10 20:21:34,twitter,EWS,0
2025-03-10 20:24:00,twitter,EWS,0
2025-03-10 20:25:34,twitter,EWS,0
2025-03-10 20:27:04,twitter,EWS,0
2025-03-10 20:45:23,twitter,EWS,0
2025-03-10 20:47:12,twitter,EWS,0
2025-03-10 20:49:36,twitter,EWS,0
2025-03-10 20:51:03,twitter,EWS,0
2025-03-10 20:56:35,twitter,EWS,0
2025-03-10 21:01:28,twitter,EWS,0
2025-03-10 21:31:32,twitter,EWS,0
2025-03-10 21:32:25,twitter,EWS,0
2025-03-10 21:42:19,twitter,EWS,0
2025-03-10 21:48:35,twitter,EWS,0
2025-03-10 21:50:11,twitter,EWS,0
2025-03-10 21:55:44,twitter,EWS,0
2025-03-10 21:59:37,mico,EWS,0
2025-03-10 22:00:21,mico,EWS,0
2025-03-10 22:03:22,mico,EWS,0
2025-03-10 22:04:38,mico,EWS,0
2025-03-10 22:06:52,mico,EWS,0
2025-03-10 22:14:44,mico,EWS,0
2025-03-11 12:26:04,twitter,EWS,0
2025-03-11 12:37:39,twitter,EWS,0
2025-03-11 12:38:35,twitter,EWS,0
2025-03-11 12:40:28,twitter,EWS,0
2025-03-11 12:43:19,twitter,EWS,0
2025-03-11 12:44:14,twitter,EWS,0
2025-03-11 13:03:58,twitter,EWS,0
2025-03-11 13:07:13,twitter,EWS,0
2025-03-11 13:09:59,twitter,EWS,0
2025-03-11 13:12:34,twitter,EWS,0
2025-03-11 13:18:39,twitter,EWS,0
2025-03-11 13:29:38,twitter,EWS,0
2025-03-11 13:34:03,twitter,EWS,0
2025-03-11 13:37:12,twitter,EWS,0
2025-03-11 13:37:18,twitter,EWS,0
2025-03-11 13:40:57,twitter,EWS,0
2025-03-11 13:44:35,twitter,EWS,0
2025-03-11 13:55:26,dblp,EWS,0
2025-03-11 14:00:34,dblp,EWS,0
2025-03-11 14:19:40,dblp,EWS,0
2025-03-11 14:21:12,dblp,EWS,0
2025-03-11 23:33:29,dblp,EWS,0
2025-03-12 01:44:27,twitch,EWS,0
2025-03-12 02:36:27,patent,EWS,0
2025-03-12 11:12:16,patent,EWS,0
2025-03-12 11:15:53,dblp,EWS,0
2025-03-12 11:33:42,dblp,EWS,0
2025-03-12 11:43:07,dblp,EWS,0
2025-03-12 11:44:13,dblp,EWS,0
2025-03-12 11:45:04,dblp,EWS,0
2025-03-12 11:47:00,dblp,EWS,0
2025-03-12 11:48:39,dblp,EWS,0
2025-03-12 11:54:17,dblp,EWS,0
2025-03-12 11:56:40,dblp,EWS,0
2025-03-12 11:57:36,dblp,EWS,0
2025-03-12 11:59:44,dblp,EWS,0
2025-03-12 12:01:35,dblp,EWS,0
2025-03-12 12:02:07,dblp,EWS,0
2025-03-12 12:03:41,dblp,EWS,0
2025-03-12 12:06:39,dblp,EWS,0
2025-03-12 12:08:25,dblp,EWS,0
2025-03-12 12:11:15,dblp,EWS,0
2025-03-12 12:16:11,dblp,EWS,0
2025-03-12 12:16:21,dblp,EWS,0
2025-03-12 12:20:36,dblp,EWS,0
2025-03-12 12:22:02,dblp,EWS,0
2025-03-12 12:22:15,dblp,EWS,0
2025-03-12 12:24:49,dblp,EWS,0
2025-03-12 12:26:22,dblp,EWS,0
2025-03-12 12:29:19,dblp,EWS,0
2025-03-12 12:29:57,dblp,EWS,0
2025-03-12 12:30:05,dblp,EWS,0
2025-03-12 12:37:11,dblp,EWS,0
2025-03-12 12:38:26,dblp,EWS,0
2025-03-12 12:40:26,dblp,EWS,0
2025-03-12 12:42:31,dblp,EWS,0
2025-03-12 12:45:06,dblp,EWS,0
2025-03-12 12:55:43,dblp,EWS,0
2025-03-12 13:07:07,patent,EWS,0
2025-03-12 13:16:20,patent,EWS,0
2025-03-12 13:28:26,dblp,EWS,0
2025-03-12 13:33:09,dblp,EWS,0
2025-03-12 13:33:49,dblp,EWS,0
2025-03-12 13:36:14,dblp,EWS,0
2025-03-12 13:38:55,dblp,EWS,0
2025-03-12 13:41:50,dblp,EWS,0
2025-03-12 15:30:54,twitter,EWS,0
2025-03-12 15:36:58,twitter,EWS,0
2025-03-12 16:35:41,dblp,EWS,0
2025-03-12 17:02:55,dblp,EWS,0
2025-03-13 12:43:50,dblp,EWS,0
2025-03-13 12:51:49,dblp,EWS,0
2025-03-13 12:55:23,dblp,EWS,0
2025-03-13 12:56:31,dblp,EWS,0
2025-03-13 12:57:35,dblp,EWS,0
2025-03-13 12:58:36,dblp,EWS,0
2025-03-13 12:59:44,dblp,EWS,0
2025-03-13 13:09:38,dblp,EWS,0
2025-03-13 13:10:41,dblp,EWS,0
2025-03-13 13:10:52,dblp,EWS,0
2025-03-13 13:11:55,dblp,EWS,0
2025-03-13 13:13:33,dblp,EWS,0
2025-03-13 13:14:40,dblp,EWS,0
2025-03-13 13:19:51,dblp,EWS,0
2025-03-13 13:27:58,dblp,EWS,0
2025-03-13 13:28:18,dblp,EWS,0
2025-03-13 13:35:30,dblp,EWS,0
2025-03-13 13:45:22,twitter,EWS,0
2025-03-13 20:24:35,dblp,EWS,0
2025-03-13 20:24:46,dblp,EWS,0
2025-03-13 21:42:43,dblp,EWS,0
2025-03-14 11:48:11,dblp,EWS,0
2025-03-14 13:25:28,dblp,EWS,0
2025-03-14 13:27:00,dblp,EWS,0
2025-03-14 13:27:18,dblp,EWS,0
2025-03-14 13:30:01,dblp,EWS,0
2025-03-14 13:30:55,dblp,EWS,0
2025-03-14 13:31:39,dblp,EWS,0
2025-03-14 13:38:49,dblp,EWS,0
2025-03-14 14:20:42,dblp,EWS,0
2025-03-14 14:21:06,dblp,EWS,0
2025-03-14 14:21:17,dblp,EWS,0
2025-03-14 14:21:43,dblp,EWS,0
2025-03-14 14:23:09,dblp,EWS,0
2025-03-14 14:24:44,dblp,EWS,0
2025-03-14 14:43:39,dblp,EWS,0
2025-03-14 20:26:48,dblp,EWS,0
2025-03-14 20:28:27,dblp,EWS,0
2025-03-14 20:30:21,dblp,EWS,0
2025-03-15 13:18:19,dblp,EWS,0
2025-03-15 13:22:35,dblp,EWS,0
2025-03-15 13:24:42,dblp,EWS,0
2025-03-15 13:26:21,dblp,EWS,0
2025-03-15 13:28:55,dblp,EWS,0
2025-03-15 13:31:35,dblp,EWS,0
2025-03-15 13:34:21,dblp,EWS,0
2025-03-15 13:37:14,dblp,EWS,0
2025-03-15 13:40:15,dblp,EWS,0
2025-03-15 13:40:59,dblp,EWS,0
2025-03-15 13:45:21,dblp,EWS,0
2025-03-15 13:45:56,dblp,EWS,0
2025-03-15 13:53:09,dblp,EWS,0
2025-03-15 13:54:44,dblp,EWS,0
2025-03-15 13:55:52,dblp,EWS,0
2025-03-15 13:57:59,dblp,EWS,0
2025-03-15 13:58:44,dblp,EWS,0
2025-03-15 14:01:46,dblp,EWS,0
2025-03-15 14:02:37,dblp,EWS,0
2025-03-15 14:03:06,dblp,EWS,0
2025-03-15 14:22:41,dblp,EWS,0
2025-03-15 14:32:37,dblp,EWS,0
2025-03-15 15:00:11,dblp,EWS,0
2025-03-15 15:22:59,dblp,EWS,0
2025-03-15 15:26:25,dblp,EWS,0
2025-03-15 15:29:39,dblp,EWS,0
2025-03-15 15:29:58,dblp,EWS,0
2025-03-15 15:33:47,dblp,EWS,0
2025-03-15 15:41:08,dblp,EWS,0
2025-03-15 17:00:14,twitter,EWS,0
2025-03-15 17:01:34,mico,EWS,0
2025-03-15 17:53:08,mico,EWS,0
2025-03-15 17:55:13,dblp,EWS,0
2025-03-15 17:56:49,mico,EWS,0
2025-03-15 17:59:25,dblp,EWS,0
2025-03-15 18:00:12,twitter,EWS,0
2025-03-15 18:20:20,twitter,EWS,0
2025-03-15 18:21:08,dblp,EWS,0
2025-03-15 18:23:09,mico,EWS,0
2025-03-15 18:36:08,mico,EWS,0
2025-03-15 18:36:23,dblp,EWS,0
2025-03-15 18:40:21,dblp,EWS,0
2025-03-15 18:41:15,mico,EWS,0
2025-03-15 18:44:39,mico,EWS,0
2025-03-15 18:46:24,mico,EWS,0
2025-03-15 18:50:49,mico,EWS,0
2025-03-15 18:53:51,mico,EWS,0
2025-03-15 18:57:00,mico,EWS,0
2025-03-15 19:02:34,mico,EWS,0
2025-03-15 19:13:25,mico,EWS,0
2025-03-15 19:16:54,mico,EWS,0
2025-03-15 19:19:21,mico,EWS,0
2025-03-15 19:20:13,mico,EWS,0
2025-03-15 19:21:32,mico,EWS,0
2025-03-15 19:28:56,mico,EWS,0
2025-03-15 19:29:58,mico,EWS,0
2025-03-15 19:31:34,mico,EWS,0
2025-03-15 19:32:32,mico,EWS,0
2025-03-15 19:33:17,mico,EWS,0
2025-03-15 19:36:42,mico,EWS,0
2025-03-15 19:37:15,mico,EWS,0
2025-03-15 19:38:28,mico,EWS,0
2025-03-15 19:38:43,mico,EWS,0
2025-03-15 19:39:58,mico,EWS,0
2025-03-15 19:41:54,mico,EWS,0
2025-03-15 19:44:26,mico,EWS,0
2025-03-15 19:46:42,mico,EWS,0
2025-03-15 19:49:56,mico,EWS,0
2025-03-15 19:54:32,mico,EWS,0
2025-03-16 14:31:18,mico,EWS,0
2025-03-16 14:32:03,mico,EWS,0
2025-03-16 14:35:26,mico,EWS,0
2025-03-16 15:03:12,mico,EWS,0
2025-03-16 15:03:20,mico,EWS,0
2025-03-16 15:03:43,mico,EWS,0
2025-03-16 15:07:42,mico,EWS,0
2025-03-16 15:09:52,mico,EWS,0
2025-03-16 15:13:13,mico,EWS,0
2025-03-16 15:20:00,mico,EWS,0
2025-03-16 15:22:09,mico,EWS,0
2025-03-16 15:25:01,mico,EWS,0
2025-03-16 15:27:21,mico,EWS,0
2025-03-16 15:28:32,mico,EWS,0
2025-03-16 15:29:54,mico,EWS,0
2025-03-16 15:30:49,mico,EWS,0
2025-03-16 15:32:30,mico,EWS,0
2025-03-16 15:35:29,mico,EWS,0
2025-03-16 15:39:36,mico,EWS,0
2025-03-16 15:41:51,mico,EWS,0
2025-03-16 15:41:51,mico,EWS,0
2025-03-16 15:42:59,mico,EWS,0
2025-03-16 15:43:34,mico,EWS,0
2025-03-16 15:44:51,mico,EWS,0
2025-03-16 15:46:35,mico,EWS,0
2025-03-16 16:16:09,mico,EWS,0
2025-03-16 16:17:43,mico,EWS,0
2025-03-16 16:19:38,mico,EWS,0
2025-03-16 16:22:56,mico,EWS,0
2025-03-16 16:24:11,mico,EWS,0
2025-03-16 16:25:00,mico,EWS,0
2025-03-16 16:26:26,mico,EWS,0
2025-03-16 16:27:21,mico,EWS,0
2025-03-16 16:30:15,mico,EWS,0
2025-03-16 16:34:56,mico,EWS,0
2025-03-16 16:36:06,mico,EWS,0
2025-03-16 16:37:11,mico,EWS,0
2025-03-16 16:38:47,mico,EWS,0
2025-03-16 16:39:04,mico,EWS,0
2025-03-16 16:39:38,mico,EWS,0
2025-03-16 16:47:13,mico,EWS,0
2025-03-16 16:47:29,mico,EWS,0
2025-03-16 16:47:45,mico,EWS,0
2025-03-16 16:48:50,mico,EWS,0
2025-03-16 16:49:29,mico,EWS,0
2025-03-16 16:50:15,mico,EWS,0
2025-03-16 16:50:26,mico,EWS,0
2025-03-16 16:52:56,mico,EWS,0
2025-03-16 16:55:10,mico,EWS,0
2025-03-16 16:56:27,mico,EWS,0
2025-03-16 17:03:40,mico,EWS,0
2025-03-16 17:08:20,mico,EWS,0
2025-03-16 17:09:13,mico,EWS,0
2025-03-16 17:10:07,mico,EWS,0
2025-03-16 17:26:02,mico,EWS,0
2025-03-16 17:26:18,mico,EWS,0
2025-03-16 17:26:36,mico,EWS,0
2025-03-16 17:35:26,mico,EWS,0
2025-03-16 17:35:49,mico,EWS,0
2025-03-16 17:37:28,mico,EWS,0
2025-03-16 17:48:57,mico,EWS,0
2025-03-16 17:50:05,mico,EWS,0
2025-03-16 17:50:31,mico,EWS,0
2025-03-16 17:55:39,mico,EWS,0
2025-03-16 17:55:52,mico,EWS,0
2025-03-16 17:58:44,mico,EWS,0
2025-03-16 18:00:37,mico,EWS,0
2025-03-16 18:38:51,mico,EWS,0
2025-03-16 18:45:24,mico,EWS,0
2025-03-16 19:14:37,mico,EWS,0
2025-03-16 19:17:22,mico,EWS,0
2025-03-16 19:17:42,mico,EWS,0
2025-03-16 19:21:09,mico,EWS,0
2025-03-16 19:21:35,mico,EWS,0
2025-03-16 19:34:26,mico,EWS,0
2025-03-16 19:34:57,mico,EWS,0
2025-03-16 19:36:51,mico,EWS,0
2025-03-16 19:45:44,twitter,EWS,0
2025-03-16 19:46:32,twitter,EWS,0
2025-03-16 19:57:07,dblp,EWS,0
2025-03-16 19:57:23,dblp,EWS,0
2025-03-16 20:04:19,mico,EWS,0
2025-03-16 20:27:34,mico,EWS,0
2025-03-16 20:27:51,twitter,EWS,0
2025-03-16 20:30:30,twitter,EWS,0
2025-03-16 20:40:16,twitter,EWS,0
2025-03-16 21:24:59,mico,EWS,0
2025-03-16 21:46:28,twitter,EWS,0
2025-03-16 23:26:32,twitter,EWS,0
2025-03-17 12:04:36,twitter,EWS,0
2025-03-17 12:29:54,twitter,EWS,0
2025-03-17 12:39:42,twitter,EWS,0
2025-03-17 13:05:10,twitter,EWS,0
2025-03-17 13:11:04,twitter,EWS,0
2025-03-17 13:14:46,twitter,EWS,0
2025-03-17 13:17:42,twitter,EWS,0
2025-03-17 13:20:30,twitter,EWS,0
2025-03-17 13:24:39,twitter,EWS,0
2025-03-17 13:28:58,twitter,EWS,0
2025-03-17 13:34:44,twitter,EWS,0
2025-03-17 13:35:36,twitter,EWS,0
2025-03-17 13:36:48,twitter,EWS,0
2025-03-17 13:41:17,twitter,EWS,0
2025-03-17 13:46:39,twitter,EWS,0
2025-03-17 13:47:10,twitter,EWS,0
2025-03-17 13:53:50,twitter,EWS,0
2025-03-17 13:55:53,twitter,EWS,0
2025-03-17 13:56:00,twitter,EWS,0
2025-03-17 13:58:48,twitter,EWS,0
2025-03-17 14:03:21,twitter,EWS,0
2025-03-17 14:04:27,twitter,EWS,0
2025-03-17 14:05:48,twitter,EWS,0
2025-03-17 14:12:16,twitter,EWS,0
2025-03-17 14:13:19,twitter,EWS,0
2025-03-17 14:16:16,twitter,EWS,0
2025-03-17 14:17:00,twitter,EWS,0
2025-03-17 14:18:45,twitter,EWS,0
2025-03-17 14:24:16,twitter,EWS,0
2025-03-17 14:39:55,dblp,EWS,0
2025-03-17 14:42:00,dblp,EWS,0
2025-03-17 14:48:10,dblp,EWS,0
2025-03-17 14:50:55,dblp,EWS,0
2025-03-17 14:51:43,twitter,EWS,0
2025-03-17 14:54:51,twitter,EWS,0
2025-03-17 14:57:19,twitter,EWS,0
2025-03-17 14:57:24,twitter,EWS,0
2025-03-17 15:01:16,twitter,EWS,0
2025-03-17 15:13:08,twitter,EWS,0
2025-03-17 15:14:24,twitter,EWS,0
2025-03-17 15:16:18,twitter,EWS,0
2025-03-17 15:17:22,twitter,EWS,0
2025-03-17 15:18:15,twitter,EWS,0
2025-03-17 15:20:01,twitter,EWS,0
2025-03-17 15:20:07,twitter,EWS,0
2025-03-17 15:25:55,twitter,EWS,0
2025-03-17 15:34:06,twitter,EWS,0
2025-03-17 15:34:48,twitter,EWS,0
2025-03-17 15:35:27,twitter,EWS,0
2025-03-17 15:40:30,twitter,EWS,0
2025-03-17 18:45:09,twitter,EWS,0
2025-03-17 19:09:54,twitter,EWS,0
2025-03-17 19:12:49,twitter,EWS,0
2025-03-17 19:28:22,twitter,EWS,0
2025-03-17 19:31:05,twitter,EWS,0
2025-03-17 19:32:45,twitter,EWS,0
2025-03-17 19:46:17,twitter,EWS,0
2025-03-17 19:46:51,twitter,EWS,0
2025-03-17 19:47:28,twitter,EWS,0
2025-03-17 19:47:56,twitter,EWS,0
2025-03-17 19:54:07,twitter,RN,0
2025-03-17 19:54:34,twitter,RN,0
2025-03-17 20:07:52,twitter,RN,0
2025-03-17 20:09:02,mico,EWS,0
2025-03-17 20:24:16,dblp,EWS,0
2025-03-17 20:30:07,dblp,EWS,0
2025-03-17 20:35:04,dblp,EWS,0
2025-03-17 20:42:05,dblp,EWS,0
2025-03-17 21:35:51,twitch,EWS,0
2025-03-17 21:57:01,twitch,EWS,0
2025-03-18 11:38:38,dblp,EWS,0
2025-03-18 11:42:31,dblp,EWS,0
2025-03-18 11:47:07,dblp,EWS,0
2025-03-18 11:49:12,dblp,EWS,0
2025-03-18 11:52:00,dblp,EWS,0
2025-03-18 11:52:40,dblp,EWS,0
2025-03-18 11:55:46,dblp,EWS,0
2025-03-18 12:01:06,dblp,EWS,0
2025-03-18 12:10:03,dblp,EWS,0
2025-03-18 12:15:49,dblp,EWS,0
2025-03-18 12:18:22,dblp,EWS,0
2025-03-18 12:21:12,dblp,EWS,0
2025-03-18 12:22:51,dblp,EWS,0
2025-03-18 12:23:27,dblp,EWS,0
2025-03-18 12:27:04,dblp,EWS,0
2025-03-18 12:30:30,dblp,EWS,0
2025-03-18 12:35:08,dblp,EWS,0
2025-03-18 12:39:07,twitter,EWS,0
2025-03-18 12:43:31,twitter,EWS,0
2025-03-18 12:46:52,twitter,EWS,0
2025-03-18 12:51:09,twitter,EWS,0
2025-03-18 12:53:06,twitter,EWS,0
2025-03-18 12:55:03,twitter,EWS,0
2025-03-18 13:00:15,dblp,EWS,0
2025-03-18 13:21:22,mico,EWS,0
2025-03-18 13:25:55,mico,EWS,0
2025-03-18 13:41:48,mico,EWS,0
2025-03-18 13:45:02,twitter,EWS,0
2025-03-19 11:12:54,twitter,EWS,0
2025-03-19 11:16:42,twitter,EWS,0
2025-03-19 11:26:28,twitter,EWS,0
2025-03-19 11:42:49,twitter,EWS,0
2025-03-19 12:31:04,twitter,EWS,0
2025-03-19 12:45:08,twitter,EWS,0
2025-03-19 12:45:15,twitter,EWS,0
2025-03-19 12:51:57,twitter,EWS,0
2025-03-19 13:03:46,twitter,EWS,0
2025-03-19 13:06:32,twitter,EWS,0
2025-03-19 13:11:16,twitter,EWS,0
2025-03-19 13:11:26,twitter,EWS,0
2025-03-19 13:12:29,twitter,EWS,0
2025-03-19 13:14:56,twitter,EWS,0
2025-03-19 13:16:34,twitter,EWS,0
2025-03-19 13:17:19,twitter,EWS,0
2025-03-19 13:18:01,twitter,EWS,0
2025-03-19 13:19:33,twitter,EWS,0
2025-03-19 13:21:45,twitter,EWS,0
2025-03-19 13:23:16,twitter,EWS,0
2025-03-19 13:24:59,twitter,EWS,0
2025-03-19 13:25:55,twitter,EWS,0
2025-03-19 13:29:17,twitter,EWS,0
2025-03-19 13:31:39,twitter,EWS,0
2025-03-19 13:32:08,twitter,EWS,0
2025-03-19 14:04:10,twitter,EWS,0
2025-03-19 14:07:02,twitter,EWS,0
2025-03-19 14:19:00,twitter,EWS,0
2025-03-19 14:20:26,twitter,EWS,0
2025-03-19 14:27:00,twitter,EWS,0
2025-03-19 14:27:09,twitter,EWS,0
2025-03-19 14:28:03,twitter,EWS,0
2025-03-19 14:29:18,twitter,EWS,0
2025-03-19 14:31:52,twitter,EWS,0
2025-03-19 14:36:11,twitter,EWS,0
2025-03-19 14:39:59,twitter,EWS,0
2025-03-19 14:43:18,twitter,EWS,0
2025-03-19 14:44:29,twitter,EWS,0
2025-03-19 14:44:43,twitter,EWS,0
2025-03-19 14:45:45,twitter,EWS,0
2025-03-19 14:47:33,twitter,EWS,0
2025-03-19 15:04:38,twitter,EWS,0
2025-03-19 15:05:13,twitter,EWS,0
2025-03-19 15:06:30,twitter,EWS,0
2025-03-19 15:07:07,twitter,EWS,0
2025-03-19 15:11:24,twitter,EWS,0
2025-03-19 15:36:23,twitter,EWS,0
2025-03-19 15:39:39,twitter,EWS,0
2025-03-19 15:40:23,twitter,EWS,0
2025-03-19 15:50:38,twitter,EWS,0
2025-03-19 15:56:47,twitter,EWS,0
2025-03-19 15:57:07,twitter,EWS,0
2025-03-19 16:10:08,dblp,EWS,0
2025-03-19 16:13:43,dblp,EWS,0
2025-03-19 16:17:49,dblp,EWS,0
2025-03-19 16:38:22,dblp,EWS,0
2025-03-19 16:40:51,dblp,EWS,0
2025-03-19 16:42:29,dblp,EWS,0
2025-03-19 16:43:35,dblp,EWS,0
2025-03-19 16:44:13,dblp,EWS,0
2025-03-19 16:45:41,dblp,EWS,0
2025-03-19 16:48:54,dblp,EWS,0
2025-03-19 16:49:04,dblp,EWS,0
2025-03-19 18:10:34,dblp,EWS,0
2025-03-19 18:11:44,dblp,EWS,0
2025-03-19 18:12:34,dblp,EWS,0
2025-03-19 18:14:06,dblp,EWS,0
2025-03-19 18:14:50,dblp,EWS,0
2025-03-19 18:15:14,dblp,EWS,0
2025-03-19 18:17:05,dblp,EWS,0
2025-03-19 18:19:18,dblp,EWS,0
2025-03-19 18:19:59,dblp,EWS,0
2025-03-19 18:20:46,dblp,EWS,0
2025-03-19 18:22:06,dblp,EWS,0
2025-03-19 18:23:03,dblp,EWS,0
2025-03-19 18:26:17,dblp,EWS,0
2025-03-19 18:28:13,dblp,EWS,0
2025-03-19 18:36:04,dblp,EWS,0
2025-03-19 18:36:44,dblp,EWS,0
2025-03-19 18:37:14,dblp,EWS,0
2025-03-19 18:38:36,dblp,EWS,0
2025-03-19 18:38:43,dblp,EWS,0
2025-03-19 18:39:15,dblp,EWS,0
2025-03-19 18:40:21,dblp,EWS,0
2025-03-19 18:42:49,dblp,EWS,0
2025-03-19 18:48:24,dblp,EWS,0
2025-03-19 18:50:26,dblp,EWS,0
2025-03-19 18:52:25,twitter,EWS,0
2025-03-19 18:58:50,dblp,EWS,0
2025-03-19 19:00:48,dblp,EWS,0
2025-03-19 19:01:51,dblp,EWS,0
2025-03-19 19:06:56,dblp,EWS,0
2025-03-19 19:07:27,dblp,EWS,0
2025-03-21 09:57:58,dblp,EWS,0
2025-03-21 09:58:04,dblp,EWS,0
2025-03-21 10:03:22,dblp,EWS,0
2025-03-21 10:09:11,dblp,EWS,0
2025-03-21 10:14:44,dblp,EWS,0
2025-03-21 10:17:12,dblp,EWS,0
2025-03-21 10:18:02,dblp,EWS,0
2025-03-21 10:21:34,dblp,EWS,0
2025-03-21 10:29:47,dblp,EWS,0
2025-03-21 10:32:44,dblp,EWS,0
2025-03-21 10:35:42,dblp,EWS,0
2025-03-21 10:39:07,dblp,EWS,0
2025-03-21 10:42:49,dblp,EWS,0
2025-03-21 10:43:41,dblp,EWS,0
2025-03-21 10:49:44,dblp,EWS,0
2025-03-21 10:54:07,dblp,EWS,0
2025-03-21 10:55:51,dblp,EWS,0
2025-03-21 10:56:01,dblp,EWS,0
2025-03-21 10:59:08,dblp,EWS,0
2025-03-21 11:08:34,dblp,EWS,0
2025-03-21 11:10:29,dblp,EWS,0
2025-03-21 11:13:15,dblp,EWS,0
2025-03-21 11:13:29,dblp,EWS,0
2025-03-21 11:56:03,dblp,EWS,0
2025-03-21 12:07:47,dblp,EWS,0
2025-03-21 12:15:44,dblp,EWS,0
2025-03-21 12:29:57,dblp,EWS,0
2025-03-21 12:35:31,dblp,EWS,0
2025-03-21 12:39:51,dblp,EWS,0
2025-03-21 12:41:17,dblp,EWS,0
2025-03-21 12:42:34,dblp,EWS,0
2025-03-21 12:43:54,dblp,EWS,0
2025-03-21 13:00:11,dblp,EWS,0
2025-03-21 13:54:19,dblp,EWS,0
2025-03-21 13:59:51,dblp,EWS,0
2025-03-21 14:51:29,dblp,EWS,0
2025-03-21 15:01:19,dblp,EWS,0
2025-03-21 15:01:47,dblp,EWS,0
2025-03-21 15:03:02,dblp,EWS,0
2025-03-21 15:04:11,dblp,EWS,0
2025-03-21 15:05:27,dblp,EWS,0
2025-03-21 15:05:49,dblp,EWS,0
2025-03-21 15:06:19,dblp,EWS,0
2025-03-21 15:07:53,dblp,EWS,0
2025-03-21 15:11:28,dblp,EWS,0
2025-03-21 15:11:41,dblp,EWS,0
2025-03-21 15:12:06,dblp,EWS,0
2025-03-21 15:15:30,dblp,EWS,0
2025-03-21 15:16:11,dblp,EWS,0
2025-03-21 15:16:44,dblp,EWS,0
2025-03-21 15:23:14,dblp,EWS,0
2025-03-21 15:23:38,dblp,EWS,0
2025-03-21 15:25:53,dblp,EWS,0
2025-03-21 15:27:19,dblp,EWS,0
2025-03-21 15:31:45,dblp,EWS,0
2025-03-21 15:32:47,dblp,EWS,0
2025-03-21 15:35:06,dblp,EWS,0
2025-03-21 15:38:38,dblp,EWS,0
2025-03-21 15:39:18,dblp,EWS,0
2025-03-21 15:46:15,dblp,EWS,0
2025-03-21 15:53:23,dblp,EWS,0
2025-03-21 15:55:49,dblp,EWS,0
2025-03-21 15:56:09,dblp,EWS,0
2025-03-21 15:58:24,dblp,EWS,0
2025-03-21 15:59:13,dblp,EWS,0
2025-03-21 16:02:59,dblp,EWS,0
2025-03-21 16:04:56,dblp,EWS,0
2025-03-21 16:05:54,dblp,EWS,0
2025-03-21 16:13:13,dblp,EWS,0
2025-03-21 16:14:15,dblp,EWS,0
2025-03-21 16:36:22,dblp,EWS,0
2025-03-21 16:36:46,dblp,EWS,0
2025-03-21 16:37:36,dblp,EWS,0
2025-03-21 16:41:16,dblp,EWS,0
2025-03-21 16:41:37,dblp,EWS,0
2025-03-21 16:42:25,dblp,EWS,0
2025-03-21 16:45:05,dblp,EWS,0
2025-03-21 16:46:48,dblp,EWS,0
2025-03-21 16:50:38,dblp,EWS,0
2025-03-21 16:52:19,dblp,EWS,0
2025-03-21 16:57:07,dblp,EWS,0
2025-03-21 16:57:37,dblp,EWS,0
2025-03-21 17:01:04,dblp,EWS,0
2025-03-21 17:01:09,dblp,EWS,0
2025-03-21 17:07:59,dblp,EWS,0
2025-03-21 17:09:06,dblp,EWS,0
2025-03-21 17:09:33,dblp,EWS,0
2025-03-21 17:48:08,dblp,EWS,0
2025-03-21 18:16:58,dblp,EWS,0
2025-03-21 18:33:07,dblp,EWS,0
2025-03-21 18:35:52,dblp,EWS,0
2025-03-21 18:39:26,dblp,EWS,0
2025-03-21 18:41:45,dblp,EWS,0
2025-03-21 18:43:37,dblp,EWS,0
2025-03-21 18:45:23,dblp,EWS,0
2025-03-21 18:49:00,dblp,EWS,0
2025-03-21 18:49:54,dblp,EWS,0
2025-03-21 18:51:54,dblp,EWS,0
2025-03-21 18:54:59,dblp,EWS,0
2025-03-21 18:56:36,dblp,EWS,0
2025-03-21 18:58:01,dblp,EWS,0
2025-03-21 19:00:03,dblp,EWS,0
2025-03-21 19:00:29,dblp,EWS,0
2025-03-21 19:02:04,dblp,EWS,0
2025-03-21 19:02:16,dblp,EWS,0
2025-03-21 19:02:54,dblp,EWS,0
2025-03-21 19:03:14,dblp,EWS,0
2025-03-21 19:05:02,dblp,EWS,0
2025-03-21 19:06:40,dblp,EWS,0
2025-03-21 19:08:33,dblp,EWS,0
2025-03-21 19:10:39,dblp,EWS,0
2025-03-21 19:15:16,dblp,EWS,0
2025-03-21 19:17:06,dblp,EWS,0
2025-03-21 19:22:59,dblp,EWS,0
2025-03-21 19:25:23,dblp,EWS,0
2025-03-21 19:30:51,dblp,EWS,0
2025-03-21 19:35:47,dblp,EWS,0
2025-03-21 19:40:25,dblp,EWS,0
2025-03-21 19:42:02,dblp,EWS,0
2025-03-21 19:43:29,dblp,EWS,0
2025-03-21 19:45:53,dblp,EWS,0
2025-03-21 19:48:36,dblp,EWS,0
2025-03-21 19:49:50,dblp,EWS,0
2025-03-21 19:50:29,dblp,EWS,0
2025-03-21 19:54:34,dblp,EWS,0
2025-03-21 19:57:31,dblp,EWS,0
2025-03-22 13:06:04,dblp,EWS,0
2025-03-22 13:07:54,dblp,EWS,0
2025-03-22 13:14:49,dblp,EWS,0
2025-03-22 13:18:02,dblp,EWS,0
2025-03-22 13:18:51,dblp,EWS,0
2025-03-22 13:32:47,dblp,EWS,0
2025-03-22 13:38:17,dblp,EWS,0
2025-03-22 13:40:17,dblp,EWS,0
2025-03-22 13:42:21,dblp,EWS,0
2025-03-22 14:01:06,dblp,EWS,0
2025-03-22 14:09:38,dblp,EWS,0
2025-03-22 14:11:20,dblp,EWS,0
2025-03-22 14:12:51,dblp,EWS,0
2025-03-22 14:19:00,dblp,EWS,0
2025-03-23 14:45:13,twitch,EWS,0
2025-03-23 14:50:53,twitch,EWS,0
2025-03-23 14:52:05,twitch,EWS,0
2025-03-23 14:59:53,twitch,EWS,0
2025-03-23 15:05:49,twitch,EWS,0
2025-03-23 15:08:05,twitch,EWS,0
2025-03-23 15:10:37,twitch,EWS,0
2025-03-23 15:27:06,twitch,EWS,0
2025-03-23 15:38:33,twitch,EWS,0
2025-03-23 15:39:48,twitch,EWS,0
2025-03-23 15:51:47,twitch,EWS,0
2025-03-23 15:56:53,twitch,EWS,0
2025-03-23 15:57:54,twitch,EWS,0
2025-03-23 16:03:40,twitch,EWS,0
2025-03-23 16:04:33,twitch,EWS,0
2025-03-23 16:16:22,twitch,EWS,0
2025-03-23 16:27:20,twitch,EWS,0
2025-03-23 16:33:46,twitch,EWS,0
2025-03-23 16:35:35,twitch,EWS,0
2025-03-23 16:46:49,twitch,EWS,0
2025-03-23 20:31:50,patent,EWS,0
2025-03-23 20:48:29,patent,EWS,0
2025-03-23 20:49:01,patent,EWS,0
2025-03-23 23:08:21,patent,EWS,0
2025-03-23 23:23:27,patent,EWS,0
2025-03-24 12:08:25,twitter,EWS,0
2025-03-24 12:14:11,twitter,EWS,0
2025-03-24 12:15:18,twitter,EWS,0
2025-03-24 12:17:14,twitter,EWS,0
2025-03-24 12:20:01,twitter,EWS,0
2025-03-24 12:23:48,twitter,EWS,0
2025-03-24 12:35:49,twitter,EWS,0
2025-03-24 12:37:50,twitter,EWS,0
2025-03-24 12:38:21,twitter,EWS,0
2025-03-24 12:49:07,twitter,EWS,0
2025-03-24 12:49:28,twitter,EWS,0
2025-03-24 12:51:37,twitter,EWS,0
2025-03-24 12:55:08,twitter,EWS,0
2025-03-24 12:57:30,twitter,EWS,0
2025-03-24 12:59:18,twitter,EWS,0
2025-03-24 13:05:12,twitter,EWS,0
2025-03-24 13:08:29,twitter,EWS,0
2025-03-24 13:10:34,twitter,EWS,0
2025-03-24 13:14:12,twitter,EWS,0
2025-03-24 13:15:54,twitter,EWS,0
2025-03-24 13:18:38,twitter,EWS,0
2025-03-24 13:23:09,twitter,EWS,0
2025-03-24 13:23:23,twitter,EWS,0
2025-03-24 13:27:47,twitter,EWS,0
2025-03-24 13:30:38,twitter,EWS,0
2025-03-24 13:32:33,twitter,EWS,0
2025-03-24 13:34:16,twitter,EWS,0
2025-03-24 13:36:23,twitter,EWS,0
2025-03-24 13:41:19,twitter,EWS,0
2025-03-24 13:41:22,twitter,EWS,0
2025-03-24 13:45:22,twitter,EWS,0
2025-03-24 13:47:15,twitter,EWS,0
2025-03-24 13:55:44,twitter,EWS,0
2025-03-24 13:57:27,twitter,EWS,0
2025-03-24 13:57:33,twitter,EWS,0
2025-03-24 14:00:07,twitter,EWS,0
2025-03-24 14:04:36,twitter,EWS,0
2025-03-24 14:09:25,twitter,EWS,0
2025-03-24 14:11:54,twitter,EWS,0
2025-03-24 14:14:17,twitter,EWS,0
2025-03-24 14:17:46,twitter,EWS,0
2025-03-24 14:20:08,twitter,EWS,0
2025-03-24 14:28:27,mico,EWS,0
2025-03-24 14:29:12,mico,EWS,0
2025-03-24 14:29:34,mico,EWS,0
2025-03-24 14:39:46,dblp,EWS,0
2025-03-24 14:40:01,dblp,EWS,0
2025-03-24 14:41:10,dblp,EWS,0
2025-03-24 14:49:53,dblp,EWS,0
2025-03-24 14:52:48,dblp,EWS,0
2025-03-24 14:52:51,dblp,EWS,0
2025-03-24 14:54:47,dblp,EWS,0
2025-03-24 19:27:27,dblp,EWS,0
2025-03-24 19:27:41,mico,EWS,0
2025-03-24 19:28:25,mico,EWS,0
2025-03-24 19:36:18,twitter,EWS,0
2025-03-24 19:37:46,twitter,EWS,0
2025-03-24 19:57:34,dblp,EWS,0
2025-03-24 20:00:48,dblp,EWS,0
2025-03-24 20:21:12,twitch,EWS,0
2025-03-24 20:23:02,twitch,EWS,0
2025-03-24 21:42:04,patent,EWS,0
2025-03-25 11:40:08,patent,EWS,0
2025-03-25 12:03:52,patent,EWS,0
2025-03-25 12:04:38,patent,EWS,0
2025-03-25 12:32:35,patent,EWS,0
2025-03-25 13:04:01,mico,EWS,0
2025-03-25 13:04:55,mico,EWS,0
2025-03-25 13:10:44,mico,EWS,0
2025-03-25 13:11:16,mico,EWS,0
2025-03-25 13:31:56,mico,EWS,0
2025-03-25 13:32:35,mico,EWS,0
2025-03-25 13:33:08,mico,EWS,0
2025-03-25 13:34:16,mico,EWS,0
2025-03-25 13:47:56,mico,EWS,0
2025-03-25 13:48:36,mico,EWS,0
2025-03-25 13:50:46,mico,EWS,0
2025-03-25 13:52:40,mico,EWS,0
2025-03-25 13:52:47,mico,EWS,0
2025-03-25 13:53:39,mico,EWS,0
2025-03-25 13:55:56,mico,EWS,0
2025-03-25 13:57:46,mico,EWS,0
2025-03-25 14:00:54,mico,EWS,0
2025-03-25 14:02:11,mico,EWS,0
2025-03-25 14:02:57,mico,EWS,0
2025-03-25 14:03:55,mico,EWS,0
2025-03-25 14:07:54,mico,EWS,0
2025-03-25 14:11:59,mico,EWS,0
2025-03-25 14:12:56,mico,EWS,0
2025-03-25 14:17:22,dblp,EWS,0
2025-03-25 14:19:57,dblp,EWS,0
2025-03-25 14:20:38,dblp,EWS,0
2025-03-25 14:21:41,dblp,EWS,0
2025-03-25 14:31:47,dblp,EWS,0
2025-03-25 14:31:58,dblp,EWS,0
2025-03-25 14:34:56,patent,EWS,0
2025-03-25 14:36:56,dblp,EWS,0
2025-03-25 14:38:19,dblp,EWS,0
2025-03-25 14:45:09,dblp,EWS,0
2025-03-25 14:54:33,dblp,EWS,0
2025-03-25 14:54:41,dblp,EWS,0
2025-03-25 14:55:34,dblp,EWS,0
2025-03-25 14:56:46,dblp,EWS,0
2025-03-25 14:57:51,dblp,EWS,0
2025-03-25 14:57:58,dblp,EWS,0
2025-03-25 14:58:46,dblp,EWS,0
2025-03-25 15:00:02,dblp,EWS,0
2025-03-25 15:01:58,dblp,EWS,0
2025-03-25 15:02:48,dblp,EWS,0
2025-03-25 15:02:53,dblp,EWS,0
2025-03-25 15:03:51,dblp,EWS,0
2025-03-25 15:05:09,dblp,EWS,0
2025-03-25 15:07:12,dblp,EWS,0
2025-03-25 15:08:08,dblp,EWS,0
2025-03-25 15:10:19,dblp,EWS,0
2025-03-25 15:13:52,dblp,EWS,0
2025-03-25 15:14:28,dblp,EWS,0
2025-03-25 15:15:32,dblp,EWS,0
2025-03-25 15:19:46,dblp,EWS,0
2025-03-25 15:22:28,dblp,EWS,0
2025-03-25 15:23:40,dblp,EWS,0
2025-03-25 15:28:43,dblp,EWS,0
2025-03-25 15:32:12,dblp,EWS,0
2025-03-25 15:33:29,dblp,EWS,0
2025-03-25 15:33:57,dblp,EWS,0
2025-03-25 15:37:12,dblp,EWS,0
2025-03-25 15:40:32,dblp,EWS,0
2025-03-25 15:44:18,dblp,EWS,0
2025-03-25 15:50:08,dblp,EWS,0
2025-03-25 15:53:25,dblp,EWS,0
2025-03-25 16:02:50,twitch,EWS,0
2025-03-25 16:19:30,twitch,EWS,0
2025-03-26 12:04:55,twitch,EWS,0
2025-03-26 12:20:55,dblp,EWS,0
2025-03-26 12:26:20,dblp,EWS,0
2025-03-26 12:26:51,dblp,EWS,0
2025-03-26 12:31:02,dblp,EWS,0
2025-03-26 12:41:25,dblp,EWS,0
2025-03-26 12:42:17,dblp,EWS,0
2025-03-26 13:00:30,dblp,EWS,0
2025-03-26 13:05:40,dblp,EWS,0
2025-03-26 13:06:14,dblp,EWS,0
2025-03-26 13:08:16,dblp,EWS,0
2025-03-26 13:09:50,dblp,EWS,0
2025-03-26 13:10:49,dblp,EWS,0
2025-03-26 13:14:47,dblp,EWS,0
2025-03-26 13:17:38,dblp,EWS,0
2025-03-26 13:27:41,dblp,EWS,0
2025-03-26 13:29:28,dblp,EWS,0
2025-03-26 13:31:05,dblp,EWS,0
2025-03-26 13:33:36,dblp,EWS,0
2025-03-26 13:40:11,dblp,EWS,0
2025-03-26 13:42:34,patent,EWS,0
2025-03-26 14:08:50,dblp,EWS,0
2025-03-26 14:09:43,dblp,EWS,0
2025-03-26 14:11:25,dblp,EWS,0
2025-03-26 14:19:15,patent,EWS,0
2025-03-26 14:47:03,dblp,EWS,0
2025-03-26 14:48:51,dblp,EWS,0
2025-03-26 14:59:25,dblp,EWS,0
2025-03-26 15:01:31,dblp,EWS,0
2025-03-26 15:08:10,twitch,EWS,0
2025-03-26 15:08:39,twitch,EWS,0
2025-03-26 15:19:59,twitch,EWS,0
2025-03-26 15:24:45,twitch,EWS,0
2025-03-26 15:43:24,twitter,EWS,0
2025-03-26 15:45:48,mico,EWS,0
2025-03-26 15:50:19,mico,EWS,0
2025-03-26 15:51:44,mico,EWS,0
2025-03-26 15:56:28,mico,EWS,0
2025-03-26 15:56:39,twitter,EWS,0
2025-03-26 15:57:17,twitter,EWS,0
2025-03-26 15:58:32,twitter,EWS,0
2025-03-26 16:02:55,twitter,EWS,0
2025-03-26 16:05:58,twitter,EWS,0
2025-03-26 16:09:20,mico,EWS,0
2025-03-26 16:11:30,mico,EWS,0
2025-03-26 16:27:07,mico,EWS,0
2025-03-26 16:27:18,twitter,EWS,0
2025-03-26 16:29:33,mico,EWS,0
2025-03-26 16:32:43,mico,EWS,0
2025-03-26 16:33:47,twitter,EWS,0
2025-03-26 16:36:24,twitter,EWS,0
2025-03-26 16:48:38,twitter,EWS,0
2025-03-26 16:56:22,twitter,EWS,0
2025-03-26 19:23:12,twitter,EWS,0
2025-03-26 19:25:13,twitter,EWS,0
2025-03-26 19:32:59,twitter,EWS,0
2025-03-26 19:43:24,twitter,EWS,0
2025-03-26 19:51:00,twitter,EWS,0
2025-03-26 19:58:35,twitter,EWS,0
2025-03-26 20:02:23,twitter,EWS,0
2025-03-26 20:04:23,twitter,EWS,0
2025-03-26 20:04:46,twitter,EWS,0
2025-03-26 20:07:58,twitter,EWS,0
2025-03-26 20:11:22,twitter,EWS,0
2025-03-26 20:14:47,twitter,EWS,0
2025-03-26 20:17:35,twitter,EWS,0
2025-03-26 20:20:04,twitter,EWS,0
2025-03-26 20:21:11,twitter,EWS,0
2025-03-26 20:21:28,twitter,EWS,0
2025-03-26 20:27:10,mico,EWS,0
2025-03-26 20:28:04,twitter,EWS,0
2025-03-27 12:10:09,twitter,EWS,0
2025-03-27 12:10:28,twitter,EWS,0
2025-03-27 12:13:16,twitter,EWS,0
2025-03-27 12:15:15,mico,EWS,0
2025-03-27 12:17:41,mico,EWS,0
2025-03-27 12:18:33,twitch,EWS,0
2025-03-27 12:25:26,mico,EWS,0
2025-03-27 12:27:28,mico,EWS,0
2025-03-27 12:28:50,twitter,EWS,0
2025-03-27 12:30:26,twitter,EWS,0
2025-03-27 12:31:43,twitter,EWS,0
2025-03-27 12:31:57,mico,EWS,0
2025-03-27 12:33:10,mico,EWS,0
2025-03-27 12:34:41,twitter,EWS,0
2025-03-27 13:01:32,twitter,EWS,0
2025-03-27 13:08:09,mico,EWS,0
2025-03-27 13:10:47,twitter,EWS,0
2025-03-27 13:19:44,twitter,EWS,0
2025-03-27 13:20:48,twitter,EWS,0
2025-03-27 13:23:12,twitter,EWS,0
2025-03-27 13:25:15,twitter,EWS,0
2025-03-27 13:27:11,mico,EWS,0
2025-03-27 13:43:06,mico,EWS,0
2025-03-27 13:44:16,mico,EWS,0
2025-03-27 17:58:32,youtube,EWS,0
2025-03-27 18:02:16,youtube,EWS,0
2025-03-27 18:04:37,youtube,RN,0
2025-03-27 18:04:46,youtube,RN,0
2025-03-27 18:04:54,youtube,RN,0
2025-03-27 18:05:05,youtube,RN,0
2025-03-27 18:05:38,youtube,RE,0
2025-03-27 18:12:36,youtube,RN,0
2025-03-27 18:13:13,youtube,RE,0
2025-03-27 18:14:05,youtube,RN,0
2025-03-27 18:14:38,youtube,RE,0
2025-03-27 18:15:33,youtube,CNARW,0
2025-03-27 18:17:59,youtube,FF,0
2025-03-27 18:18:42,youtube,SS,0
2025-03-27 20:01:51,youtube,SS,0
2025-03-27 20:14:01,youtube,EWS,0
2025-03-27 20:21:54,youtube,EWS,0
2025-03-27 20:31:54,youtube,EWS,0
2025-03-27 20:38:50,youtube,EWS,0
2025-03-27 20:39:57,youtube,EWS,0
2025-03-27 20:41:54,youtube,EWS,0
2025-03-27 20:43:21,youtube,EWS,0
2025-03-27 20:45:29,youtube,EWS,0
2025-03-27 20:48:14,youtube,EWS,0
2025-03-27 20:48:22,youtube,EWS,0
2025-03-27 20:50:32,youtube,EWS,0
2025-03-27 21:01:31,mico,EWS,0
2025-03-27 21:05:42,mico,EWS,0
2025-03-27 21:14:48,twitter,EWS,0
2025-03-27 21:17:14,twitter,EWS,0
2025-03-27 21:19:48,twitter,EWS,0
2025-03-27 21:20:19,twitter,EWS,0
2025-03-27 21:20:30,twitter,EWS,0
2025-03-27 21:23:08,twitter,EWS,0
2025-03-27 21:23:14,twitter,EWS,0
2025-03-27 21:30:11,twitter,EWS,0
2025-03-27 21:31:54,twitter,EWS,0
2025-03-27 21:34:43,twitter,EWS,0
2025-03-27 21:40:51,twitter,EWS,0
2025-03-27 21:43:12,twitter,EWS,0
2025-03-27 21:44:39,twitter,EWS,0
2025-03-27 21:45:05,twitter,EWS,0
2025-03-27 21:47:10,twitter,EWS,0
2025-03-28 10:11:04,twitter,EWS,0
2025-03-28 10:14:27,youtube,EWS,0
2025-03-28 10:45:49,youtube,EWS,0
2025-03-28 10:49:59,youtube,EWS,0
2025-03-28 10:52:25,youtube,EWS,0
2025-03-28 11:53:28,twitter,EWS,0
2025-03-28 11:57:53,twitter,EWS,0
2025-03-28 11:59:42,twitter,EWS,0
2025-03-28 12:04:45,twitter,EWS,0
2025-03-28 12:06:47,twitter,EWS,0
2025-03-28 12:08:46,twitter,EWS,0
2025-03-28 12:10:34,twitter,EWS,0
2025-03-28 12:17:30,twitter,EWS,0
2025-03-28 12:24:26,twitter,EWS,0
2025-03-28 12:27:24,twitter,EWS,0
2025-03-28 12:32:00,twitter,EWS,0
2025-03-28 12:34:29,twitter,EWS,0
2025-03-28 13:10:44,twitter,EWS,0
2025-03-28 13:13:36,twitter,EWS,0
2025-03-28 13:20:41,twitter,EWS,0
2025-03-28 13:22:19,twitter,EWS,0
2025-03-28 13:38:53,twitter,EWS,0
2025-03-28 13:58:08,twitter,EWS,0
2025-03-28 13:58:20,twitter,EWS,0
2025-03-28 13:59:57,twitter,EWS,0
2025-03-28 14:05:59,mico,EWS,0
2025-03-28 14:18:07,twitch,EWS,0
2025-03-28 14:21:17,twitch,EWS,0
2025-03-28 15:36:40,patent,EWS,0
2025-03-28 15:50:18,patent,EWS,0
2025-03-28 18:39:23,twitch,EWS,0
2025-03-28 19:02:56,mico,EWS,0
2025-03-28 19:04:21,twitter,EWS,0
2025-03-28 19:20:30,mico,EWS,0
2025-03-28 19:22:51,twitter,EWS,0
2025-03-28 19:25:49,dblp,EWS,0
2025-04-01 13:46:44,twitch,RN,0
2025-04-01 13:46:59,twitch,RN,0
2025-04-01 13:56:50,twitch,RE,0
2025-04-01 14:13:29,twitch,CNARW,0
2025-04-01 18:17:11,twitch,FF,0
2025-04-01 18:30:18,twitch,SS,0
2025-04-01 18:45:19,mico,RN,0
2025-04-01 18:46:45,mico,RE,0
2025-04-01 18:49:01,mico,CNARW,0
2025-04-01 18:54:40,mico,FF,0
2025-04-01 18:56:21,mico,SS,0
2025-04-01 18:58:20,dblp,RN,0
2025-04-01 19:00:07,dblp,RE,0
2025-04-01 19:03:01,dblp,CNARW,0
2025-04-01 19:08:37,dblp,FF,0
2025-04-01 19:11:14,dblp,SS,0
2025-04-01 19:14:08,twitter,RN,0
2025-04-01 19:15:50,twitter,RE,0
2025-04-01 19:18:32,twitter,CNARW,0
2025-04-01 19:30:18,twitter,FF,0
2025-04-01 19:32:49,twitter,SS,0
2025-04-01 19:36:09,patent,RN,0
2025-04-01 20:09:26,patent,RE,0
2025-04-01 21:27:05,patent,CNARW,0
2025-04-01 23:25:32,patent,CNARW,0
2025-04-02 00:38:03,patent,FF,0
2025-04-02 01:20:15,patent,SS,0
2025-04-02 16:40:07,twitter,RN,0
2025-04-02 16:40:28,twitter,RN,0
2025-04-02 16:56:59,twitter,RN,0
2025-04-02 17:02:16,twitter,RN,0
2025-04-07 20:07:56,twitter,RN,0
2025-04-07 20:11:24,twitter,RN,0
2025-04-07 20:24:14,twitter,RE,0
2025-04-07 20:27:03,twitter,RE,0
2025-04-07 20:33:54,twitter,RE,0
2025-04-07 20:36:28,twitter,RE,0
2025-04-07 20:41:23,twitch,RE,0
2025-04-07 20:48:33,mico,RE,0
2025-04-07 20:49:40,dblp,RE,0
2025-04-07 20:51:13,twitter,RE,0
2025-04-07 20:52:57,patent,RE,0
2025-04-09 15:19:49,twitch,FF,0
2025-04-09 15:27:17,twitch,FF,0
2025-04-09 15:34:50,twitch,FF,0
2025-04-09 15:39:20,twitch,FF,0
2025-04-09 15:43:27,twitch,FF,0
2025-04-09 15:46:56,twitch,FF,0
2025-04-09 15:50:39,twitch,FF,0
2025-04-09 15:53:34,twitch,FF,0
2025-04-09 16:05:12,twitch,FF,0
2025-04-09 16:14:13,twitch,FF,0
2025-04-09 16:14:46,twitch,FF,0
2025-04-09 16:20:13,twitch,FF,0
2025-04-09 16:31:02,twitch,SS,0
2025-04-09 16:31:12,twitch,SS,0
2025-04-09 16:36:45,twitch,FF,0
2025-04-09 16:36:54,twitch,FF,0
2025-04-09 16:37:02,twitch,FF,0
2025-04-09 16:42:03,twitch,FF,0
2025-04-09 16:48:17,twitch,FF,0
2025-04-09 17:00:06,twitter,RN,0
2025-04-09 17:00:33,twitter,RN,0
2025-04-09 17:02:44,twitter,RN,0
2025-04-09 17:04:14,twitch,FF,0
2025-04-09 17:04:21,twitch,FF,0
2025-04-09 17:04:46,twitch,FF,0
2025-04-09 18:48:28,twitter,RN,0
2025-04-09 18:59:00,twitter,SS,0
2025-04-09 19:01:19,twitch,SS,0
2025-04-09 19:06:25,twitch,SS,0
2025-04-09 19:13:15,twitch,SS,0
2025-04-09 19:18:34,twitch,SS,0
2025-04-09 19:45:47,twitch,SS,0
2025-04-09 19:52:17,twitch,SS,0
2025-04-09 20:19:58,twitch,SS,0
2025-04-09 20:25:00,twitch,RN,0
2025-04-09 20:31:09,mico,RN,0
2025-04-09 20:32:17,dblp,RN,0
2025-04-09 20:33:27,twitter,RN,0
2025-04-09 20:34:45,patent,RN,0
2025-04-09 21:34:23,twitch,SS,0
2025-04-09 21:40:47,twitch,FF,0
2025-04-09 21:47:35,mico,SS,0
2025-04-09 21:48:54,mico,FF,0
2025-04-09 21:49:48,dblp,SS,0
2025-04-09 21:51:22,dblp,FF,0
2025-04-09 21:52:42,twitter,SS,0
2025-04-09 21:54:24,twitter,FF,0
2025-04-09 21:55:42,patent,SS,0
2025-04-09 22:23:45,patent,FF,0
2025-04-10 11:45:27,twitch,RN,0
2025-04-10 11:45:51,twitch,RN,0
2025-04-10 11:51:33,twitch,RE,0
2025-04-10 11:57:25,twitch,CNARW,0
2025-04-10 14:02:03,twitch,FF,0
2025-04-10 14:10:48,twitch,SS,0
2025-04-10 14:18:45,mico,RN,0
2025-04-10 14:19:54,mico,RE,0
2025-04-10 14:21:02,mico,CNARW,0
2025-04-10 14:24:46,mico,FF,0
2025-04-10 14:25:51,mico,SS,0
2025-04-10 14:27:29,dblp,RN,0
2025-04-10 14:28:42,dblp,RE,0
2025-04-10 14:30:21,dblp,CNARW,0
2025-04-10 14:33:51,dblp,FF,0
2025-04-10 14:35:29,dblp,SS,0
2025-04-10 14:37:26,twitter,RN,0
2025-04-10 14:38:53,twitter,RE,0
2025-04-10 14:40:35,twitter,CNARW,0
2025-04-10 14:48:08,twitter,FF,0
2025-04-10 14:49:45,twitter,SS,0
2025-04-10 14:51:53,patent,RN,0
2025-04-10 15:19:32,patent,RE,0
2025-04-10 16:15:05,patent,CNARW,0
2025-04-10 17:04:14,patent,FF,0
2025-04-10 17:30:04,patent,SS,0
2025-04-10 19:38:48,twitch,RN,0
2025-04-10 20:16:33,twitch,CNARW,0
2025-04-10 22:15:00,patent,CNARW,0
2025-04-11 14:05:33,twitch,CNARW,0
2025-04-11 14:32:35,twitch,EWS,0
2025-04-11 14:34:07,twitch,EWS,0
2025-04-11 14:41:31,patent,EWS,0
2025-04-14 19:55:57,youtube,EWS,0
2025-04-14 20:02:02,youtube,RN,0
2025-04-14 20:02:40,youtube,RE,0
2025-04-14 20:03:34,youtube,CNARW,0
2025-04-14 20:03:53,youtube,FF,0
2025-04-14 20:04:44,youtube,SS,0
2025-04-14 20:09:41,youtube,CNARW,0
2025-04-14 20:14:57,youtube,EWS,0
2025-04-14 20:19:12,youtube,EWS,0
2025-04-14 20:24:40,youtube,EWS,0
2025-04-14 20:25:02,youtube,EWS,0
2025-04-14 20:32:53,youtube,RN,0
2025-04-14 20:33:35,youtube,RE,0
2025-04-14 20:34:33,youtube,CNARW,0
2025-04-14 20:36:11,youtube,FF,0
2025-04-14 20:37:02,youtube,SS,0
2025-04-21 12:37:38,mico,EWS,0
2025-04-21 12:38:42,mico,EWS,0
2025-04-21 12:43:06,2.8,86,13914
2025-04-21 12:43:12,3.0,86,13902
2025-04-21 12:43:17,7.6,86,13896
2025-04-21 12:43:23,3.3,86,13902
2025-04-21 12:43:28,3.0,86,13865
2025-04-21 12:43:34,3.0,86,13866
2025-04-21 12:43:39,9.8,86,13864
2025-04-21 12:43:45,8.6,86,13862
2025-04-21 12:43:50,7.6,86,13860
2025-04-21 12:43:56,26.8,86,13889
2025-04-21 12:44:01,3.3,86,13889
2025-04-21 13:04:20,mico,EWS,0
2025-04-21 13:04:41,mico,EWS,0
2025-04-21 13:05:57,mico,EWS,0
2025-04-21 13:43:22,10.3,69,11227
2025-04-21 13:43:28,13.1,69,11230
2025-04-21 13:49:56,m,EWS,0
2025-04-21 14:03:16,m,EWS,0
2025-04-21 14:12:42,mico,EWS,0
2025-04-21 14:38:43,twitter,EWS,0
2025-04-21 15:01:15,dblp,EWS,0
2025-04-21 15:34:34,twitch,EWS,0
2025-04-21 18:16:56,patent,EWS,0
2025-04-21 22:18:37,patent,EWS,0
2025-04-22 09:22:05,twitch,RN,0
2025-04-22 09:26:09,twitch,RE,0
2025-04-22 09:51:05,twitch,RN,0
2025-04-22 09:55:50,twitch,RE,0
2025-04-22 10:00:47,twitch,CNARW,0
2025-04-22 10:44:20,twitch,FF,0
2025-04-22 10:48:16,twitch,SS,0
2025-04-22 10:52:13,mico,RN,0
2025-04-22 10:52:44,mico,RE,0
2025-04-22 10:53:14,mico,CNARW,0
2025-04-22 10:54:26,mico,FF,0
2025-04-22 10:55:00,mico,SS,0
2025-04-22 10:55:38,dblp,RN,0
2025-04-22 10:56:15,dblp,RE,0
2025-04-22 10:57:06,dblp,CNARW,0
2025-04-22 10:58:35,dblp,FF,0
2025-04-22 10:59:31,dblp,SS,0
2025-04-22 11:00:32,twitter,RN,0
2025-04-22 11:01:18,twitter,RE,0
2025-04-22 11:02:16,twitter,CNARW,0
2025-04-22 11:05:03,twitter,FF,0
2025-04-22 11:05:55,twitter,SS,0
2025-04-22 11:06:49,patent,RN,0
2025-04-22 11:48:23,patent,RE,0
2025-04-22 13:27:36,patent,CNARW,0
2025-04-22 15:54:22,patent,FF,0
2025-04-22 16:50:14,patent,SS,0
2025-04-22 19:56:15,mico,EWS,0
2025-04-23 11:10:03,youtube,RN,0
2025-04-23 11:10:28,youtube,RE,0
2025-04-23 11:10:59,youtube,CNARW,0
2025-04-23 11:11:37,youtube,FF,0
2025-04-23 11:12:03,youtube,SS,0
2025-04-23 13:13:35,youtube,RN,0
2025-04-23 13:14:00,youtube,RE,0
2025-04-23 13:14:34,youtube,CNARW,0
2025-04-23 13:15:22,youtube,FF,0
2025-04-23 13:15:57,youtube,SS,0
2025-04-23 13:37:24,youtube,EWS,0
2025-04-23 13:45:16,26.2,73,11808
2025-04-23 13:45:22,47.0,74,11971
2025-04-23 13:45:27,15.4,86,13879
2025-04-23 13:45:33,14.2,86,13884
2025-04-23 13:45:38,10.6,86,13895
2025-04-23 13:45:44,14.3,86,13891
2025-04-23 13:45:49,10.4,86,13858
2025-04-23 13:45:55,18.8,86,13965
2025-04-23 13:46:00,9.8,86,13958
2025-04-23 13:46:06,18.4,86,13956
2025-04-23 13:46:11,9.9,86,13963
2025-04-23 13:46:17,14.8,86,13969
2025-04-23 13:46:22,14.4,87,14083
2025-04-23 13:46:28,10.6,86,13909
2025-04-23 13:46:33,10.6,86,13910
2025-04-23 13:46:39,15.9,86,13920
2025-04-23 13:46:44,14.5,86,13908
2025-04-23 13:46:50,14.1,86,13927
2025-04-23 13:46:56,26.0,86,13887
2025-04-23 13:47:01,17.0,86,13874
2025-04-23 13:47:07,14.4,86,13948
2025-04-23 13:47:12,14.3,86,13959
2025-04-23 13:47:18,20.8,86,13943
2025-04-23 13:47:23,11.6,86,13965
2025-04-23 13:47:29,11.6,86,13970
2025-04-23 13:47:34,13.1,86,13988
2025-04-23 13:47:40,12.6,86,13982
2025-04-23 13:47:45,13.4,86,13996
2025-04-23 13:47:51,11.4,86,13999
2025-04-23 13:47:56,11.4,86,14005
2025-04-23 13:50:18,11.3,72,11597
2025-04-23 13:50:24,2.0,71,11551
2025-04-23 18:41:42,youtube,EWS,0
2025-04-23 19:19:59,mico,EWS,0
2025-04-23 19:28:40,dblp,EWS,0
2025-04-23 19:46:10,twitter,EWS,0
2025-04-23 20:01:10,twitch,EWS,0
2025-04-23 21:33:07,patent,EWS,0
2025-04-24 10:12:10,twitter,EWS,0
2025-04-24 10:54:08,youtube,EWS,0
2025-04-24 11:28:03,twitch,RN,0
2025-04-24 11:29:26,twitch,RE,0
2025-04-24 11:30:58,twitch,CNARW,0
2025-04-24 11:55:41,twitch,FF,0
2025-04-24 11:57:06,twitch,SS,0
2025-04-24 11:58:28,mico,RN,0
2025-04-24 11:58:41,mico,RE,0
2025-04-24 11:58:52,mico,CNARW,0
2025-04-24 11:59:29,mico,FF,0
2025-04-24 11:59:40,mico,SS,0
2025-04-24 11:59:57,dblp,RN,0
2025-04-24 12:00:09,dblp,RE,0
2025-04-24 12:00:26,dblp,CNARW,0
2025-04-24 12:01:01,dblp,FF,0
2025-04-24 12:01:17,dblp,SS,0
2025-04-24 12:01:37,twitter,RN,0
2025-04-24 12:01:51,twitter,RE,0
2025-04-24 12:02:07,twitter,CNARW,0
2025-04-24 12:03:20,twitter,FF,0
2025-04-24 12:03:37,twitter,SS,0
2025-04-24 12:03:58,patent,RN,0
2025-04-24 12:07:44,patent,RE,0
2025-04-24 12:12:12,patent,CNARW,0
2025-04-24 12:20:45,patent,FF,0
2025-04-24 12:25:43,patent,SS,0
2025-04-24 12:32:30,youtube,RN,0
2025-04-24 12:32:38,youtube,RE,0
2025-04-24 12:32:50,youtube,CNARW,0
2025-04-24 12:33:10,youtube,FF,0
2025-04-24 12:33:33,youtube,SS,0
2025-04-24 16:32:20,twitch,RN,0
2025-04-24 16:38:15,twitch,RE,0
2025-04-24 16:44:53,twitch,CNARW,0
2025-04-24 17:22:24,twitch,FF,0
2025-04-24 17:26:59,twitch,SS,0
2025-04-24 17:30:37,mico,RN,0
2025-04-24 17:31:19,mico,RE,0
2025-04-24 17:31:52,mico,CNARW,0
2025-04-24 17:33:14,mico,FF,0
2025-04-24 17:33:46,mico,SS,0
2025-04-24 17:34:28,dblp,RN,0
2025-04-24 17:35:08,dblp,RE,0
2025-04-24 17:36:00,dblp,CNARW,0
2025-04-24 17:37:26,dblp,FF,0
2025-04-24 17:38:18,dblp,SS,0
2025-04-24 17:39:08,twitter,RN,0
2025-04-24 17:39:48,twitter,RE,0
2025-04-24 17:40:39,twitter,CNARW,0
2025-04-24 17:42:57,twitter,FF,0
2025-04-24 17:43:47,twitter,SS,0
2025-04-24 17:44:40,patent,RN,0
2025-04-24 18:20:10,patent,RE,0
2025-04-24 19:43:40,patent,CNARW,0
2025-04-28 10:23:12,youtube,EWS,0
2025-04-28 10:27:40,twitter,EWS,0
2025-04-28 10:31:47,mico,EWS,0
2025-04-29 14:00:06,twitch,EWS,0
2025-04-29 14:05:57,mico,EWS,0
2025-04-29 14:07:04,dblp,EWS,0
2025-04-29 14:08:33,twitter,EWS,0
2025-04-29 14:10:02,patent,EWS,0
2025-04-29 14:24:57,youtube,EWS,0
2025-04-29 15:08:12,twitch,EWS,0
2025-04-29 15:14:52,mico,EWS,0
2025-04-29 15:15:56,dblp,EWS,0
2025-04-29 15:17:34,twitter,EWS,0
2025-04-29 15:18:58,patent,EWS,0
2025-04-29 15:36:35,youtube,EWS,0
2025-04-29 15:55:49,twitch,EWS,0
2025-04-29 16:02:23,mico,EWS,0
2025-04-29 16:03:26,dblp,EWS,0
2025-04-29 16:05:07,twitter,EWS,0
2025-04-29 16:06:22,patent,EWS,0
2025-04-29 16:23:49,youtube,EWS,0
2025-04-29 18:35:59,twitch,EWS,0
2025-04-29 18:41:38,mico,EWS,0
2025-04-29 18:42:33,dblp,EWS,0
2025-04-29 18:43:58,twitter,EWS,0
2025-04-29 18:44:59,patent,EWS,0
2025-04-29 18:58:41,youtube,EWS,0
2025-05-03 13:44:14,twitch,EWS,0
2025-05-03 13:47:49,twitch,EWS,0
2025-05-03 13:51:36,twitch,EWS,0
2025-05-03 13:51:44,twitch,EWS,0
2025-05-03 13:57:11,mico,EWS,0
2025-05-03 14:10:32,mico,EWS,0
2025-05-03 14:11:57,mico,EWS,0
2025-05-03 23:19:26,twitch,EWS,0
2025-05-03 23:25:25,mico,EWS,0
2025-05-03 23:26:12,dblp,EWS,0
2025-05-03 23:27:40,twitter,EWS,0
2025-05-03 23:28:35,patent,EWS,0
2025-05-03 23:43:01,youtube,EWS,0
2025-05-06 14:15:03,twitch,EWS,0
2025-05-06 14:21:05,mico,EWS,0
2025-05-06 14:21:56,dblp,EWS,0
2025-05-06 14:23:20,twitter,EWS,0
2025-05-06 14:24:24,patent,EWS,0
2025-05-06 14:39:00,youtube,EWS,0
2025-05-06 15:33:05,twitch,EWS,0
2025-05-06 15:34:22,twitch,EWS,0
2025-05-06 15:39:25,mico,EWS,0
2025-05-06 15:40:26,dblp,EWS,0
2025-05-06 19:31:23,twitch,EWS,0
2025-05-06 19:37:06,mico,EWS,0
2025-05-06 19:37:58,dblp,EWS,0
2025-05-06 19:39:20,twitter,EWS,0
2025-05-06 19:40:15,patent,EWS,0
2025-05-06 19:55:47,youtube,EWS,0
2025-05-06 20:41:14,twitch,EWS,0
2025-05-06 20:43:42,twitch,EWS,0
2025-05-06 20:54:26,mico,EWS,0
2025-05-06 20:55:47,dblp,EWS,0
2025-05-06 20:58:25,twitter,EWS,0
2025-05-06 21:00:12,patent,EWS,0
2025-05-06 21:31:56,youtube,EWS,0
2025-05-07 15:04:49,twitch,EWS,0
2025-05-07 15:11:41,mico,EWS,0
2025-05-07 15:12:39,dblp,EWS,0
2025-05-07 15:14:20,twitter,EWS,0
2025-05-07 15:15:28,patent,EWS,0
2025-05-07 15:30:40,youtube,EWS,0
2025-05-07 15:59:25,twitch,RN,0
2025-05-07 16:00:29,twitch,RE,0
2025-05-07 16:01:07,twitch,RN,0
2025-05-07 16:06:54,twitch,RE,0
2025-05-07 16:12:40,twitch,CNARW,0
2025-05-07 18:14:50,twitch,FF,0
2025-05-07 18:21:50,twitch,SS,0
2025-05-07 18:28:09,mico,RN,0
2025-05-07 18:29:06,mico,RE,0
2025-05-07 18:30:01,mico,CNARW,0
2025-05-07 18:33:03,mico,FF,0
2025-05-07 18:33:58,mico,SS,0
2025-05-07 18:35:17,dblp,RN,0
2025-05-07 18:36:18,dblp,RE,0
2025-05-07 18:37:40,dblp,CNARW,0
2025-05-07 18:40:35,dblp,FF,0
2025-05-07 18:41:54,dblp,SS,0
2025-05-07 18:43:29,twitter,RN,0
2025-05-07 18:44:36,twitter,RE,0
2025-05-07 18:45:53,twitter,CNARW,0
2025-05-07 18:51:58,twitter,FF,0
2025-05-07 18:53:16,twitter,SS,0
2025-05-07 18:55:14,patent,RN,0
2025-05-07 19:19:07,patent,RE,0
2025-05-07 20:04:53,patent,CNARW,0
2025-05-07 21:15:56,youtube,RN,0
2025-05-07 21:16:31,youtube,RE,0
2025-05-07 21:17:21,youtube,CNARW,0
2025-05-07 21:18:43,youtube,FF,0
2025-05-07 21:19:27,youtube,SS,0
2025-05-08 11:52:11,twitch,EWS,0
2025-05-08 11:58:02,mico,EWS,0
2025-05-08 11:58:54,dblp,EWS,0
2025-05-08 12:00:18,twitter,EWS,0
2025-05-08 12:01:11,patent,EWS,0
2025-05-08 12:16:32,youtube,EWS,0
2025-05-08 13:03:55,twitch,RE,0
2025-05-08 13:09:54,mico,RE,0
2025-05-08 13:11:05,dblp,RE,0
2025-05-08 13:12:46,twitter,RE,0
2025-05-08 13:14:26,patent,RE,0
2025-05-08 13:51:02,twitch,RE,0
2025-05-08 14:04:54,twitch,RE,0
2025-05-08 14:07:04,mico,RE,0
2025-05-08 14:07:50,mico,RE,0
2025-05-08 14:09:41,mico,RE,0
2025-05-08 14:10:45,mico,RE,0
2025-05-08 14:12:02,twitch,RE,0
2025-05-08 14:20:49,dblp,RE,0
2025-05-08 14:22:19,twitter,RE,0
2025-05-08 14:23:50,patent,RE,0
2025-05-08 15:01:05,youtube,RE,0
2025-05-10 18:15:38,mico,EWS,0
2025-05-10 18:18:56,mico,EWS,0
2025-05-11 20:38:22,mico,EWS,0
2025-05-11 20:44:57,youtube,EWS,0
2025-05-11 20:48:35,youtube,EWS,0
2025-05-23 18:53:48,youtube,EWS,0
